,Channel_Category,Channel_name,Title,published_date,Views,Likes,Comments
0,AIChannels,だだっこぱんだ,AI作品に特化した画像投稿サービス「Aivy」のご紹介 | AI画像生成,2022-11-13T11:00:38Z,483,20,4
1,AIChannels,だだっこぱんだ,画像生成AIの最強ツール「AUTOMATIC1111 Webui」をColabで簡単に使う方法を超ざっくり紹介！ | AI画像生成,2022-10-15T13:33:00Z,4259,131,14
2,AIChannels,だだっこぱんだ,REAL-ESRGANを使って、画像の解像度を上げる方法をざっくり紹介！！！,2022-09-13T08:00:13Z,1248,55,1
3,AIChannels,だだっこぱんだ,Stable Diffusionでkawaiiを生成するプロンプトを考える話 | AI画像生成,2022-08-30T08:24:05Z,1630,57,1
4,AIChannels,だだっこぱんだ,Stable Diffusionを無制限で簡単に使えるUIを作ってみた。img2img対応！ | AI画像生成,2022-08-27T07:53:37Z,9178,244,21
5,AIChannels,だだっこぱんだ,画像生成AI Stable Diffusionの使い方をザックリ解説！！無料で大量に画像を生成してみよう！！,2022-08-24T13:34:32Z,17180,320,14
6,AIChannels,だだっこぱんだ,激安中華の本気！ 60%のかわいいゲーミングキーボードを紹介！ | Redoragon K617 #キーボード,2022-06-26T07:37:44Z,1880,36,4
7,AIChannels,だだっこぱんだ,AviUtlのプラグインやスクリプト等を一括管理するソフトを作った | AviUtlToys,2022-06-09T08:00:09Z,421,34,1
8,AIChannels,だだっこぱんだ,AviUtlをちょっとだけ便利にするソフトを作ってみた | AviUtl Toys,2022-06-08T11:58:34Z,236,20,4
9,AIChannels,だだっこぱんだ,もう耳コピはいらない！？AIが耳コピをしてくれる時代になってしまった... | ピアノ,2022-04-22T10:00:08Z,533,17,2
10,AIChannels,だだっこぱんだ,手で弾いてみた？？ 真っ黒ナイト・オブ・ナイツ | ピアノ AI,2022-04-21T08:21:07Z,6957,102,12
11,AIChannels,だだっこぱんだ,ついにAIがピアノを弾く時代がやってきた... ConcertCreaterを紹介！ | ピアノ,2022-04-20T08:47:34Z,727,36,3
12,AIChannels,だだっこぱんだ,部屋紹介 | なんの変哲もない僕の部屋とパンダたち ~ RoomTour 2022,2022-01-08T05:07:06Z,875,34,6
13,AIChannels,だだっこぱんだ,マイクラの中でパソコン！？自作PCがマイクラ内で動かせるロマンあふれるMODを見つけたので紹介してみる！ | マインクラフト,2021-10-10T11:58:02Z,25342,330,18
14,AIChannels,だだっこぱんだ,高校生の運営するマイクラサーバー 「笹だサーバー」の歴史 | マイクラ,2021-10-06T09:30:08Z,481,22,15
15,AIChannels,だだっこぱんだ,水没させたメモリをパソコンで使ったら果たして動くのか！？ | 自作PC,2021-08-05T08:52:38Z,381,30,7
16,AIChannels,だだっこぱんだ,コスパつよつよのウェブカメラ！FIFINE K420の性能を見ていく！ | デバイス,2021-05-29T04:00:12Z,506,13,4
17,AIChannels,だだっこぱんだ,東方虹龍洞の「龍王殺しのプリンセス」を採譜してみた | ピアノ 楽譜,2021-05-06T22:47:27Z,14819,284,11
18,AIChannels,だだっこぱんだ,東方虹龍洞の「あの賑やかな市場は今どこに ~ Immemorial Marketeers」を採譜してみた | ピアノ 楽譜,2021-05-05T12:28:03Z,12085,234,17
19,AIChannels,だだっこぱんだ,うちの自宅サーバーが完全にゲーミングな件 | 自作PC,2021-04-01T08:01:18Z,928,37,4
20,AIChannels,だだっこぱんだ,混ぜてみた「劇的ビフォーアフター | 匠」X「駒草咲くパーペチュアルスノー」| ピアノ,2021-03-27T13:43:29Z,3621,171,27
21,AIChannels,だだっこぱんだ,東方虹龍洞の「駒草咲くパーペチュアルスノー」を採譜してみた | ピアノ楽譜,2021-03-24T06:19:43Z,3034,69,9
22,AIChannels,だだっこぱんだ,東方虹龍洞の「大吉キトゥン」を採譜してみた | ピアノ楽譜,2021-03-23T06:24:25Z,9781,223,9
23,AIChannels,だだっこぱんだ,東方虹龍洞「虹の架かる幻想郷」を採譜してみた | ピアノ楽譜,2021-03-22T05:35:13Z,2702,65,4
24,AIChannels,だだっこぱんだ,まらしぃさんの「U.N.オーエンはうっせぇのか？(うっせぇわ×U N オーエンは彼女なのか？)」を採譜してみた | ピアノ楽譜,2021-03-05T12:06:06Z,7463,204,19
25,AIChannels,だだっこぱんだ,1年間放置したPCを掃除したらやばかったんですが | 自作PC,2021-02-20T23:00:00Z,914,32,8
26,AIChannels,だだっこぱんだ,まらしぃさんの「Hopes and Dreams ～ SAVE the World」を採譜してみた | ピアノ楽譜,2021-02-11T01:08:53Z,27274,526,28
27,AIChannels,だだっこぱんだ,古いのに強い！ONKYOのGX-D90の性能比較！ | スピーカー,2021-01-25T08:47:31Z,2607,23,3
28,AIChannels,だだっこぱんだ,まらしぃさんの「うっせぇわ」採譜してみた | ピアノ 楽譜,2021-01-21T09:42:02Z,2512,54,5
29,AIChannels,だだっこぱんだ,PC好き高校生のお部屋を紹介します(Room Tour) | Part5,2021-01-09T08:49:28Z,1220,48,5
30,AIChannels,しろぼう【Vtuber講座】,【保存版】AIイラストサービスNovelAIでVtuberモデルイラストの作成方法,2022-12-18T05:09:52Z,2580,152,16
31,AIChannels,しろぼう【Vtuber講座】,【保存版】AIイラストサービスNovelAIの「呪文」の使い方を徹底解説！,2022-11-23T06:43:08Z,14077,776,62
32,AIChannels,しろぼう【Vtuber講座】,【保存版】AIイラストサービスNovelAIの「設定欄」の使い方を徹底解説！,2022-11-05T14:35:46Z,32618,1206,49
33,AIChannels,しろぼう【Vtuber講座】,【初心者向け】全世界で大流行しているNovelAIの始め方解説！,2022-10-16T08:00:19Z,38551,1099,115
34,AIChannels,しろぼう【Vtuber講座】,【左手デバイス】LoupedeckCTで作業を効率化しよう！【Vtuberになろう】,2022-07-17T06:17:35Z,5753,94,9
35,AIChannels,しろぼう【Vtuber講座】,【左手デバイス】TourBoxEliteで作業を爆速にしよう！【Vtuberになろう】,2022-07-03T04:54:21Z,5641,49,5
36,AIChannels,しろぼう【Vtuber講座】,【2000人いきたい】VTuberモデリング完成お披露目,2021-06-14T15:27:46Z,0,0,0
37,AIChannels,しろぼう【Vtuber講座】,VTuberができるまでのおおまかな流れ【VTuberになろう・Live2D・VTubeStudio・VTuberの作り方】,2021-06-03T11:26:21Z,9655,251,33
38,AIChannels,しろぼう【Vtuber講座】,VTuber制作を依頼する方法【VTuberになろう・Live2D・VTubeStudio・VTuberの作り方】,2021-05-23T11:22:45Z,9626,237,19
39,AIChannels,しろぼう【Vtuber講座】,VTuber制作を依頼するメリット・デメリット【VTuberになろう・Live2D・VTubeStudio・VTuberの作り方】,2021-05-17T04:26:03Z,15752,377,40
40,AIChannels,しろぼう【Vtuber講座】,スマホアプリ（REALITY）でVTuberを始める方法【VTuberになろう・Live2D・VTubeStudio・VTuberの作り方】,2021-05-11T01:25:05Z,6516,176,24
41,AIChannels,しろぼう【Vtuber講座】,スマホアプリでVTuberを始めるメリット・デメリット【VTuberになろう・Reality・Live2D・VTubeStudio・VTuberの作り方】,2021-05-02T08:50:12Z,6835,172,18
42,AIChannels,しろぼう【Vtuber講座】,VTuberのメリット・デメリット【VTuberになろう・Live2D・VTubeStudio・VTuberの作り方】,2021-04-23T08:36:55Z,12490,310,30
43,AIChannels,しろぼう【Vtuber講座】,登録者1000人に到達する方法【VTuberになろう・Live2D・VTubeStudio・VTuberの作り方】,2021-04-18T12:37:51Z,6321,142,29
44,AIChannels,しろぼう【Vtuber講座】,動画で顔出ししたくない？VTuberになれば解決だ！【VTuberになろう・Live2D・VTubeStudio・VTuberの作り方】,2021-04-12T08:00:05Z,4948,137,23
45,AIChannels,しろぼう【Vtuber講座】,「Vtuberの作り方」で作ったしろぼうをリメイクしてみた【VTuberになろう・Live2D・VTubeStudio・VTuberの作り方】,2021-04-04T10:31:20Z,5390,84,21
46,AIChannels,しろぼう【Vtuber講座】,VTubeStudioの設定画面を使いこなそう！（インプット、アウトプット解説）,2020-12-27T05:32:09Z,4848,139,9
47,AIChannels,しろぼう【Vtuber講座】,VTubeStudioぷくぷくほっぺ講座！（頬の膨らませ方解説）,2020-12-16T08:00:31Z,3961,157,6
48,AIChannels,しろぼう【Vtuber講座】,VTubeStudioてへぺろ講座！（舌の出し方）,2020-12-11T09:00:10Z,3273,117,3
49,AIChannels,しろぼう【Vtuber講座】,Vtuberになるための必要機材を紹介！,2020-11-25T08:00:04Z,14528,366,39
50,AIChannels,しろぼう【Vtuber講座】,VTubeStudioで表情や動きの設定方法を解説します！,2020-11-11T08:00:05Z,21897,607,10
51,AIChannels,しろぼう【Vtuber講座】,【Live2D_2020】Live2Dでキャラをかわいく動かそう！【Live2D Creative Awards】,2020-11-03T02:39:00Z,9958,98,15
52,AIChannels,しろぼう【Vtuber講座】,VTubeStudioの導入方法を解説します！,2020-10-28T08:00:08Z,6283,101,10
53,AIChannels,しろぼう【Vtuber講座】,VTubeStudioとFaceRig、どちらがおすすめ？,2020-10-21T08:00:07Z,22104,381,18
54,AIChannels,しろぼう【Vtuber講座】,【2020年夏版】Vtuberの着せ替え方法【Live2D_2020】,2020-06-24T08:00:23Z,10576,340,13
55,AIChannels,しろぼう【Vtuber講座】,【2020年版】Vtuberの作り方④【Live2D_2020】,2020-04-01T08:00:26Z,11586,336,16
56,AIChannels,しろぼう【Vtuber講座】,【2020年版】Vtuberの作り方③【Live2D_2020】,2020-03-25T08:00:08Z,11947,339,21
57,AIChannels,しろぼう【Vtuber講座】,【2020年版】Vtuberの作り方②【Live2D_2020】,2020-03-18T08:00:20Z,28306,639,21
58,AIChannels,しろぼう【Vtuber講座】,【2020年版】Vtuberの作り方①【Live2D_2020】,2020-03-14T12:44:42Z,84501,1773,85
59,AIChannels,キシリのお絵描きチャンネル,お絵描きAIニュース（1月8日版）,2023-01-08T09:00:01Z,124,11,2
60,AIChannels,キシリのお絵描きチャンネル,お絵描きAIニュースランキング2022,2022-12-30T09:00:03Z,139,12,6
61,AIChannels,キシリのお絵描きチャンネル,お絵描きAIニュース（12月25日版）,2022-12-25T09:00:07Z,312,23,12
62,AIChannels,キシリのお絵描きチャンネル,お絵描きAIニュース（12月18日版）,2022-12-18T09:30:02Z,290,24,4
63,AIChannels,キシリのお絵描きチャンネル,お絵描きAIニュース（12月11日版）,2022-12-11T09:00:16Z,234,20,8
64,AIChannels,キシリのお絵描きチャンネル,お絵描きAIニュース（12月04日版）,2022-12-04T09:30:07Z,236,17,10
65,AIChannels,キシリのお絵描きチャンネル,AI添削法（AIを参考にした絵の描き方）,2022-12-03T09:00:01Z,327,26,9
66,AIChannels,キシリのお絵描きチャンネル,お絵描きAIニュース（11月27日版）,2022-11-27T09:00:08Z,442,29,0
67,AIChannels,キシリのお絵描きチャンネル,お絵描きAIニュース（11月20日版）,2022-11-20T12:02:37Z,247,20,6
68,AIChannels,キシリのお絵描きチャンネル,【お絵描きAI】mimicレビュー!!,2022-11-19T09:00:35Z,239,20,4
69,AIChannels,キシリのお絵描きチャンネル,お絵描きAIニュース（11月13日版）,2022-11-13T11:00:09Z,249,18,2
70,AIChannels,キシリのお絵描きチャンネル,AIイラスト描いてみた,2022-11-12T09:00:15Z,279,23,5
71,AIChannels,キシリのお絵描きチャンネル,お絵描きAIニュース（11月6日版）,2022-11-06T10:00:12Z,334,22,0
72,AIChannels,キシリのお絵描きチャンネル,【お絵描きAI】今週見つけたお絵描きAI話題まとめ（2022.10.23～）,2022-10-30T12:15:06Z,937,44,5
73,AIChannels,キシリのお絵描きチャンネル,【お絵描きAI】今週見つけたお絵描きAI話題まとめ（2022.10.16～）,2022-10-23T09:00:22Z,458,30,0
74,AIChannels,キシリのお絵描きチャンネル,【お絵描きAI】AI絵師とは何ぞや？,2022-10-19T13:05:45Z,313,23,0
75,AIChannels,キシリのお絵描きチャンネル,【お絵描きAI】今週見つけたお絵描きAI話題まとめ（2022.10.09～）,2022-10-16T11:41:28Z,762,45,8
76,AIChannels,キシリのお絵描きチャンネル,【お絵描きAI】NovelAI Diffusion不正アクセスの件,2022-10-10T14:00:33Z,670,24,0
77,AIChannels,キシリのお絵描きチャンネル,【お絵描きAI】NovelAI Diffusionが「やばい」,2022-10-09T11:15:01Z,3110,101,23
78,AIChannels,キシリのお絵描きチャンネル,【お絵描きAI】mimic(β2.0)利用申請リクエストが既にできる件,2022-09-27T15:04:04Z,112,10,0
79,AIChannels,キシリのお絵描きチャンネル,【お絵描きAI】mimic騒動について,2022-09-25T11:04:00Z,303,15,2
80,AIChannels,キシリのお絵描きチャンネル,うちの看板娘をAIに描いてもらおう,2022-09-11T11:20:01Z,303,16,0
81,AIChannels,キシリのお絵描きチャンネル,Live2D新衣装お披露目,2022-09-03T11:00:23Z,205,15,6
82,AIChannels,キシリのお絵描きチャンネル,コミケの楽しみ方（サークル参加編）,2022-08-07T09:00:25Z,904,24,0
83,AIChannels,キシリのお絵描きチャンネル,コミケの楽しみ方（初心者向け）,2022-07-24T09:09:48Z,2605,78,14
84,AIChannels,キシリのお絵描きチャンネル,【マカロン】Speed painting 26min #Shorts,2022-07-20T21:00:06Z,174,3,0
85,AIChannels,キシリのお絵描きチャンネル,グリザイユに挑戦（描き方のコツもあるよ）,2022-07-10T10:00:32Z,215,15,4
86,AIChannels,キシリのお絵描きチャンネル,第一回寝起きイラストRTA大会,2022-06-26T09:00:28Z,241,24,2
87,AIChannels,キシリのお絵描きチャンネル,【ベーコンエッグ】Speed painting 15min #Shorts,2022-06-20T11:30:06Z,545,23,2
88,AIChannels,キシリのお絵描きチャンネル,【ピーマン】Speed painting 22min #Shorts,2022-06-13T12:00:03Z,325,7,0
89,AIChannels,ぷりずんだAI,【VOICEVOX解説】ずんだもんと学ぶ「AI を受け入れたサイトで起きている問題」【NovelAI】,2022-12-03T06:39:47Z,3945,102,52
90,AIChannels,ぷりずんだAI,Novel AIを１０倍楽しく、楽にするお役立ちツールを5選紹介！新しい魔導書も解説！【ずんだもんAI解説】,2022-11-17T10:37:38Z,3071,147,6
91,AIChannels,ぷりずんだAI,アニメ音声合成AI「MoeGoe」出現！声優のお仕事も失われる!? 使い方解説!!【ずんだもんAI解説】,2022-11-08T14:30:39Z,2102,59,19
92,AIChannels,ぷりずんだAI,動画もAIによってヤバくなる!? 今開発中の動画AIを紹介!!【ずんだもんAI解説】,2022-11-03T09:46:26Z,1927,70,13
93,AIChannels,ぷりずんだAI,Novel AIを越えろ！　次に来るAIをずんだもんが解説！【ずんだもんAI解説】,2022-10-29T06:18:25Z,4117,143,23
94,AIChannels,ぷりずんだAI,【VOICEVOX解説】ずんだもんと学ぶ「イラストAI でどんな金稼ぎが発生しているのか!? 」【NovelAI】,2022-10-24T12:48:57Z,5568,128,31
95,AIChannels,ぷりずんだAI,【VOICEVOX解説】ずんだもんと学ぶ「『元素法典』でNovelAIを進化させる!! 使い方と作例」【NovelAI】,2022-10-18T13:06:04Z,5455,219,13
96,AIChannels,ぷりずんだAI,【VOICEVOX解説】ずんだもんと学ぶ「Novel AIでクオリティの高いイラストを出すテクニック８選」 【NovelAI】,2022-10-16T07:05:37Z,10110,397,39
97,AIChannels,ぷりずんだAI,【VOICEVOX解説】ずんだもんと学ぶイラストAIの歴史と問題点【NovelAI】,2022-10-12T11:12:43Z,17407,331,93
98,AIChannels,ペンたろうのAIイラストお絵描きチャンネル,HolaraAIの登録方法と使い方を解説　アニメキャラクターやコミックイラストが得意なイラストAIサービス,2023-01-09T06:15:00Z,147,11,0
99,AIChannels,ペンたろうのAIイラストお絵描きチャンネル,俺的AIイラスト加筆修正方法＆作業風景作例② 狐の夜遊び　手や目を修正し、りんご飴を持たせる。クリップスタジオペイント使用【Midjourney | NovelAI | niji · journey】,2023-01-01T01:00:10Z,223,12,0
100,AIChannels,ペンたろうのAIイラストお絵描きチャンネル,AIイラスト 色調補正の攻略法① Photoshopで色味やコントラスト、ホワイトバランスを編集する方法【Midjourney | NovelAI | niji·journey】,2022-12-30T08:00:22Z,125,9,0
101,AIChannels,ペンたろうのAIイラストお絵描きチャンネル,niji · journeyの使い方・始め方　画像生成方法、サブスクリプションの解説、便利コマンド、特殊呪文・プロンプト【にじジャーニー・AIイラスト】,2022-12-18T03:30:00Z,855,38,1
102,AIChannels,ペンたろうのAIイラストお絵描きチャンネル,niji · journeyのクローズドベータテストに参加　絵柄や塗り方はどんな感じ？　コミックイラスト、キャラクター、画材、背景、モンスターの画像生成を試してみた【にじジャーニー・AIイラスト】,2022-12-01T08:30:09Z,597,22,1
103,AIChannels,ペンたろうのAIイラストお絵描きチャンネル,俺的AIイラスト加筆修正方法＆作業風景作例① 手や顔を修正する。クリップスタジオペイント使用【Midjourney | NovelAI | niji · journey】,2022-11-24T08:00:33Z,1116,32,1
104,AIChannels,ペンたろうのAIイラストお絵描きチャンネル,Midjourneyバージョン４登場！ コミックイラスト、キャラクター、背景、動物、モンスター生成で絵柄を試してみた【--v 4 | AIイラスト】,2022-11-18T08:00:22Z,287,11,1
105,AIChannels,ペンたろうのAIイラストお絵描きチャンネル,niji · journeyとは　クローズドベータテストに参加してみよう！アニメやマンガのキャラクターに特化した画像生成サービス【にじジャーニー・AIイラスト】,2022-11-08T12:45:01Z,1328,23,5
106,AIChannels,ペンたろうのAIイラストお絵描きチャンネル,NovelAI ラフ画から背景イラストの作り方＆ライティングの呪文紹介　Paint New Imageの使い方【AIイラスト】,2022-11-05T23:30:09Z,1213,53,5
107,AIChannels,ペンたろうのAIイラストお絵描きチャンネル,NovelAI 写真からイラストやゲームで使えるアニメ調背景の作り方　Upload Imageでimg2imgの使い方【AIイラスト】,2022-10-28T12:00:49Z,1344,78,2
108,AIChannels,ペンたろうのAIイラストお絵描きチャンネル,NovelAI 元素法典の紹介　魔導書を紐解き、神絵の呪文(Prompt)を学ぼう。アニメや漫画風のキャラクターが得意なイラストAIサービス。,2022-10-22T14:30:04Z,2199,95,6
109,AIChannels,ペンたろうのAIイラストお絵描きチャンネル,NovelAI キャラクターを自由に描き変えよう！　Edit Imageの使い方【イラストAIサービス】,2022-10-19T10:00:10Z,2116,72,10
110,AIChannels,ペンたろうのAIイラストお絵描きチャンネル,NovelAI 作成したイラストに変化を加えよう！ EnhanceのStrengthとNoiseについて【イラストAIサービス】,2022-10-12T10:00:26Z,3988,106,4
111,AIChannels,ペンたろうのAIイラストお絵描きチャンネル,NovelAIで淡い水彩風のイラストを作って遊んでみた！ SettingsのScale値を変更してコントラストと彩度を下げる。アニメや漫画風のキャラクターが得意なイラストAIサービス。,2022-10-08T13:00:26Z,3125,78,17
112,AIChannels,ペンたろうのAIイラストお絵描きチャンネル,NovelAIの使い方と登録の方法を解説　アニメやマンガ風のキャラクターイラストが得意なイラストAIサービス,2022-10-04T23:30:05Z,23852,510,53
113,AIChannels,ペンたろうのAIイラストお絵描きチャンネル,Midjourneyの使い方 Remasterボタンの効果を試す,2022-10-04T19:45:00Z,184,7,0
114,AIChannels,ペンたろうのAIイラストお絵描きチャンネル,Midjourneyの使い方 イラストをアート風、写真風にする【--test】【--testp】【--creative】を試す【AIイラスト】,2022-09-28T07:15:01Z,146,5,0
115,AIChannels,ペンたろうのAIイラストお絵描きチャンネル,Midjourneyでイラストに使えるアニメ風背景の作り方を解説①　ゲームの風景にも使用できる【Concept art | Unreal engine | Octan render】AIイラスト講座,2022-09-25T04:30:13Z,738,40,2
116,AIChannels,ペンたろうのAIイラストお絵描きチャンネル,Midjourneyでリアル調の女の子の描き方を解説【Ultra realistic | Octane render | Cinematic】,2022-09-22T12:00:00Z,109,0,0
117,AIChannels,ペンたろうのAIイラストお絵描きチャンネル,Midjourneyの登録と使い方　初めての方向けに登録から使用までの手順を解説しています。,2022-09-20T11:00:23Z,137,4,0
118,AIChannels,ペンたろうのAIイラストお絵描きチャンネル,Midjourneyの使い方　キャラクターデザインのキーワードの指定の仕方を解説！,2022-09-13T10:00:13Z,171,5,0
119,AIChannels,動き続けるCAN,AIが描いてくれた小さなメルヘンの世界 #shorts,2022-10-24T08:46:02Z,67,b'',0
120,AIChannels,動き続けるCAN,音楽生成AI「Mubert Text to Music」を使ってみたよ,2022-10-21T14:24:58Z,1360,b'',2
121,AIChannels,動き続けるCAN,AIから来た子たちは雨に弱い #shorts,2022-10-20T16:35:55Z,107,b'',0
122,AIChannels,動き続けるCAN,AIから来た子たち3 #shorts,2022-10-19T05:49:31Z,137,b'',0
123,AIChannels,動き続けるCAN,AIから来た子たち2 #shorts,2022-10-18T13:59:52Z,197,b'',0
124,AIChannels,動き続けるCAN,AIから来た子たち #shorts,2022-10-17T12:48:43Z,162,b'',0
125,AIChannels,動き続けるCAN,AI画像生成、グラボがなくても体験できる。「Google Colab」上で最新「Waifu Diffusion 1.3」(wd-v1-3)＋「Automatic 1111」。ネガティブプロンプトもOK,2022-10-12T11:16:00Z,3434,b'',4
126,AIChannels,動き続けるCAN,AI画像生成で「つくよみちゃん」を目指したい動画。先日公開の最新「Waifu Diffusion 1.3」(wd-v1-3)と「Automatic 1111」使用。（環境実装解説は無し）つくよみちゃん,2022-10-10T09:38:57Z,1952,b'',4
127,AIChannels,動き続けるCAN,AI画像生成「Stable Diffusion」の最高峰UI「Automatic 1111」を使ってみました。たぶん現存する最高機能UI。すごいよ、このユーザインタフェース（環境実装解説はありません）,2022-09-28T11:32:50Z,7325,b'',6
128,AIChannels,動き続けるCAN,AI画像生成「Stable Diffusion」の「img2img」を、Google Colabの新規作成からおこなってみます。使用するプロンプトは、アニメ系の絵を生成するように調整しました。使い方も,2022-09-23T05:15:25Z,1996,b'',0
129,AIChannels,動き続けるCAN,Waifu Diffusionで、固有名詞を使わないプロンプトを題材にしながら、シードの選択、さまざまな修飾語句の追加などをためしていきます。,2022-09-19T12:36:26Z,1303,b'',8
130,AIChannels,動き続けるCAN,Waifu Diffusionで、画像の高さや幅の変更、ステップやガイダンススケールの変更、「Stable Diffusionに変更したい場合のスクリプト例」などを紹介しています。使い方の基本も。,2022-09-15T13:16:47Z,3513,b'',9
131,AIChannels,動き続けるCAN,Google Colabの新規作成から●Waifu Diffusionで画像作成●シード指定●ファイル保存●連続作成したりする動画。Stable Diffusionを２次元特化したAI画像作成の紹介。,2022-09-12T12:01:17Z,7758,b'',8
132,AIChannels,動き続けるCAN,超「かわいい」画像が出るまで Stable Diffusion を回し続けたい動画,2022-08-28T06:11:40Z,664,b'',1
133,AIChannels,動き続けるCAN,画像生成AI、Stable Diffusion を回し続ける動画（ディストピアのメカ系）＜最後にかわいい系もあるよ＞,2022-08-27T11:18:23Z,227,b'',0
134,AIChannels,動き続けるCAN,かわいい画像が出るまで Stable Diffusion を回し続けたい動画,2022-08-25T10:51:09Z,2059,b'',5
135,AIChannels,動き続けるCAN,長くなれずに抜けていく・・・59歳で始めた薄毛（AGA）治療,2022-06-28T13:05:29Z,955,b'',1
136,AIChannels,動き続けるCAN,２ヶ月使ってみた「マキタ 40V充電式クリーナー CL002GRDCW サイクロン付」,2022-06-21T12:08:25Z,4635,b'',4
137,AIChannels,動き続けるCAN,CPUクーラーをサイズ「超天」に交換してみた,2022-06-15T09:10:20Z,784,b'',0
138,AIChannels,動き続けるCAN,２ヶ月使ってみた「ブラウン オーラルB 電動歯ブラシ iO7 ブラック オニキス」,2022-06-12T11:46:18Z,1302,4,0
139,AIChannels,動き続けるCAN,GeForce RTX3060 グラフィックボード（ドスパラWeb限定モデル）を取り付けてみたよ,2022-05-30T13:28:22Z,6790,b'',3
140,AIChannels,動き続けるCAN,「乾燥機 ＆ 保管庫」になっていた食洗機、ちゃんと使ってみました（Panasonic NP-TZ300）,2022-05-29T13:32:49Z,202,b'',1
141,AIChannels,動き続けるCAN,デスクトップパソコンのSSDを２テラのに換装したよ。『Crucial CT2000P5PSSD8JP』,2022-05-23T12:25:25Z,91,b'',0
142,AIChannels,動き続けるCAN,「59歳で始めた薄毛治療」の、その後・・・,2022-05-19T11:50:05Z,452,b'',0
143,AIChannels,動き続けるCAN,食洗機を購入・設置してみた,2022-05-16T09:34:44Z,206,b'',0
144,AIChannels,動き続けるCAN,59歳で始めた薄毛治療,2022-05-11T10:17:18Z,949,b'',0
145,GameDev,八ツ橋まろん,Unityショート映像『ぱぴぷぺPOP!』 #shorts,2023-01-09T13:32:07Z,77,4,0
146,GameDev,八ツ橋まろん,【アセット紹介】パーフェクトシンクでモーション保存するスクリプト【VRM PerfectSync Override】#vrアカデミア,2023-01-03T15:23:03Z,183,9,0
147,GameDev,八ツ橋まろん,【Virtual Face】顔だけVtuberになるアプリ！？【機能解説】,2022-12-17T06:57:38Z,263,13,1
148,GameDev,八ツ橋まろん,【アセット紹介】VRMの表情をTimelineで制御するスクリプト【VRM Blend Shape Override】#vrアカデミア,2022-12-10T18:00:12Z,204,11,0
149,GameDev,八ツ橋まろん,【製品レビュー】透明なボールを魔改造してトラッキングをする回,2022-12-06T11:13:44Z,113,9,1
150,GameDev,八ツ橋まろん,【顔だけVtuberな雑談】Virtual Faceを使った部位Tuberテスト配信【雑談・マシュマロ】,2022-11-17T12:10:37Z,107,2,0
151,GameDev,八ツ橋まろん,【Virtual Face】顔だけVtuberになれるアプリ使ってみた #shorts,2022-11-09T12:29:56Z,665,6,1
152,GameDev,八ツ橋まろん,【Unity】超高速で口パクを作る方法！？ #vrアカデミア,2022-10-09T16:03:09Z,526,27,2
153,GameDev,八ツ橋まろん,【マリオ64？】It's Me!! MARON!!【顔芸】 #shorts,2022-08-21T04:31:16Z,147,10,1
154,GameDev,八ツ橋まろん,【Blender】30分で3Dモデルに衣服を着せる方法,2022-08-11T22:30:07Z,1585,58,2
155,GameDev,八ツ橋まろん,【Unity HDRP】ナイスシュートッ！！ #shorts,2022-07-26T11:38:59Z,236,7,0
156,GameDev,八ツ橋まろん,【授業配信】令和一受けたい授業 #VRアカデミア【2022年7月17日】,2022-07-17T13:10:15Z,439,33,0
157,GameDev,八ツ橋まろん,【毎日やる用】ラジオ体操第一　with八ツ橋まろん,2022-05-08T05:40:45Z,401,10,1
158,GameDev,八ツ橋まろん,【製品レビュー】Rokoko製モーションキャプチャスーツが届いたぞ！！,2022-05-05T22:30:00Z,1418,72,13
159,GameDev,八ツ橋まろん,【Unity】文字アニメーション・タイポグラフィ(実践編③) with 夕月ティア #vrアカデミア,2022-01-14T10:00:31Z,415,19,2
160,GameDev,八ツ橋まろん,【Unity】文字アニメーション・タイポグラフィ(実践編②) with 星乃めぐり #vrアカデミア,2022-01-02T08:00:06Z,319,17,0
161,GameDev,八ツ橋まろん,【Unity】文字アニメーション・タイポグラフィ(実践編①) with 真白ユキ #vrアカデミア,2021-12-24T10:00:05Z,404,15,0
162,GameDev,八ツ橋まろん,【Unity】文字アニメーション・タイポグラフィ(基礎編) #vrアカデミア,2021-12-03T10:00:35Z,1055,19,3
163,GameDev,八ツ橋まろん,【Unity】TextMeshPro(テキストメッシュプロ)の使い方！！ #vrアカデミア,2021-11-18T10:00:02Z,1428,47,6
164,GameDev,八ツ橋まろん,【Unity】ミュージックビデオのプロジェクト中身を大公開&解説！！ #vrアカデミア,2021-10-13T10:00:08Z,866,43,6
165,GameDev,八ツ橋まろん,【Unity】Cinemachineを使ったカメラワークの作り方！ #vrアカデミア,2021-10-01T10:00:11Z,3321,130,3
166,GameDev,八ツ橋まろん,【歌ってみた】テレキャスタービーボーイ / Unity HDRP Raytracing,2021-09-19T10:00:13Z,2424,19,3
167,GameDev,八ツ橋まろん,【Unity】モーキャプデータからきれいなループモーションを作成する(Final IKを使用) #vrアカデミア,2021-08-27T10:00:14Z,1738,71,0
168,GameDev,八ツ橋まろん,【Unity】Timelineでアニメーション合成をする #vrアカデミア,2021-07-30T09:49:59Z,2569,61,3
169,GameDev,八ツ橋まろん,【Unity】UMotion Proでアニメーションを作る！ #vrアカデミア,2021-07-16T10:00:24Z,3248,97,4
170,GameDev,八ツ橋まろん,【Unity】Very Animationでアニメーションの作成！ #vrアカデミア,2021-07-03T10:00:00Z,4564,140,4
171,GameDev,八ツ橋まろん,【Unity】ポーズアニメーションの修正・作成『無料編』 #vrアカデミア,2021-06-12T10:00:01Z,2187,52,0
172,GameDev,八ツ橋まろん,【Unity】ポストプロセスで見た目のクオリティを大幅アップする動画 #vrアカデミア,2021-06-05T10:00:03Z,579,26,2
173,GameDev,八ツ橋まろん,【Unity】3Dモデルのポージング&透過写真撮る #vrアカデミア,2021-06-01T10:00:15Z,1975,68,2
174,GameDev,八ツ橋まろん,【授業配信】令和一受けたい授業 #VRアカデミア【2021年5月30日】,2021-05-30T11:54:27Z,218,18,0
175,GameDev,ITeens Lab,超初心者向けUnityの使い方52　〜向きと回転②　TPSの画面を作ってみる〜,2023-01-06T08:40:28Z,92,2,0
176,GameDev,ITeens Lab,超初心者向けUnityの使い方51　〜AddTorque　回転力を加える&回転軸について〜,2022-12-30T02:13:23Z,119,3,0
177,GameDev,ITeens Lab,超初心者向けUnityの使い方50　〜向きと回転〜,2022-12-30T02:13:13Z,77,0,0
178,GameDev,ITeens Lab,『教育をUPDATE振り返り』古林 侑樹・近藤 悟 / ITeens Lab【教育をUPDATE vol.134】,2022-12-25T23:22:05Z,50,2,0
179,GameDev,ITeens Lab,『【God Field】オンラインレクリエーションで遊んでみよう！』ITeens Labスタッフ&生徒 / ITeens Lab【教育をUPDATE vol.133】,2022-12-18T23:08:36Z,67,3,0
180,GameDev,ITeens Lab,超初心者向けUnityの使い方49　〜ローカル座標とワールド座標〜,2022-12-16T09:59:15Z,90,4,2
181,GameDev,ITeens Lab,『オンラインレクリエーションで遊んでみよう！』みーどる＆生徒 / ITeens Lab【教育をUPDATE vol.132】,2022-12-11T23:13:21Z,70,2,0
182,GameDev,ITeens Lab,超初心者向けUnityの使い方48　〜メソッドについて〜,2022-12-09T12:38:43Z,91,4,0
183,GameDev,ITeens Lab,『シンガポールのUnity大好きおじさんと語る「今年のUnityプログラミングコンテスト解説」』志知 淳一 （Unity大好きおじさん）/ ITeens Lab【教育をUPDATE vol.131】,2022-12-04T23:11:22Z,100,2,0
184,GameDev,ITeens Lab,超初心者向けUnityの使い方47　〜スタート画面からのシーン遷移　Canvasのボタン機能〜,2022-12-02T01:42:11Z,89,3,0
185,GameDev,ITeens Lab,『EXA KIDS 2022アフタートーク』EXA KIDS 関係者 / ITeens Lab【教育をUPDATE vol.130】,2022-11-27T23:15:02Z,134,5,0
186,GameDev,ITeens Lab,超初心者向けUnityの使い方46　〜シーンについて　シーン遷移と背景画像〜,2022-11-25T12:59:11Z,315,10,0
187,GameDev,ITeens Lab,ITeens Lab 第8回文化祭,2022-11-24T07:19:53Z,387,11,0
188,GameDev,ITeens Lab,『第8回文化祭振り返り！』くろけん・とみお・たにえん・はっさん (文化祭スタッフ) / ITeens Lab【教育をUPDATE vol.129】,2022-11-20T23:05:04Z,140,4,0
189,GameDev,ITeens Lab,超初心者向けUnityの使い方45　〜Particleの作り方②　花火エフェクト〜,2022-11-18T13:28:09Z,170,5,0
190,GameDev,ITeens Lab,『EXA KIDS直前！見どころをいち早くシェア！』岩谷 成晃・小林 佑輔 (EXA KIDS実行委員) / ITeens Lab【教育をUPDATE vol.128】,2022-11-13T23:09:07Z,85,1,0
191,GameDev,ITeens Lab,超初心者向けUnityの使い方44　〜Particleの作り方①　爆発エフェクト〜,2022-11-11T04:49:49Z,204,4,0
192,GameDev,ITeens Lab,『小中学生向けブロックチェーンゲームイベントのレビュー』松本一将 (ブロックチェーンエンジニア) / ITeens Lab【教育をUPDATE vol.127】,2022-11-06T23:05:27Z,75,3,0
193,GameDev,ITeens Lab,超初心者向けUnityの使い方43　〜Particle基礎〜,2022-11-04T08:33:09Z,214,4,0
194,GameDev,ITeens Lab,『小学校教諭と考える”不登校”　〜公教育以外の居場所づくり〜』匿名先生 (小学校教諭)・中井けんと (自己表現家/イベンター) / ITeens Lab【教育をUPDATE vol.126】,2022-10-30T23:22:06Z,100,4,0
195,GameDev,ITeens Lab,超初心者向けUnityの使い方42　〜アニメーションをスクリプトから操作する②〜,2022-10-27T22:57:53Z,236,8,0
196,GameDev,ITeens Lab,『スプラ3ゲーム実況&生徒からのダメ出し！』くりん・ねこみかん・チーズ・くろけん先生(ITeens Lab生徒&スタッフ) / ITeens Lab【教育をUPDATE vol.125】,2022-10-23T23:15:58Z,84,3,0
197,GameDev,ITeens Lab,超初心者向けUnityの使い方41　〜アニメーションをスクリプトから操作する①〜,2022-10-20T23:47:39Z,298,3,0
198,GameDev,ITeens Lab,【第7回文化祭】音楽制作クラス 4 たいせい,2022-10-17T09:00:26Z,27,0,0
199,GameDev,ITeens Lab,【第7回文化祭】音楽制作クラス 3 かーp,2022-10-17T07:00:22Z,43,2,1
200,GameDev,ITeens Lab,【第7回文化祭】音楽制作クラス 2 るみ,2022-10-17T05:00:05Z,22,1,0
201,GameDev,ITeens Lab,【第7回文化祭】音楽制作クラス 1 みちる,2022-10-17T03:00:01Z,14,1,0
202,GameDev,ITeens Lab,【第7回文化祭】Unity中級クラス 5 玉越,2022-10-17T01:00:20Z,20,0,0
203,GameDev,ITeens Lab,『EXA KIDS 2022 一次審査会振り返り配信』岩谷 成晃 (EXA KIDS実行委員) / ITeens Lab【教育をUPDATE vol.124】,2022-10-16T23:08:21Z,93,2,0
204,GameDev,ITeens Lab,【第7回文化祭】Unity中級クラス 4 osusu,2022-10-16T09:00:34Z,20,0,0
205,GameDev,【Unity初心者向け】ゲームの作り方ch,【初心者向け動画】Unityを使って特定の画面を表示させる方法#ゲームの作り方 #unity初心者 #unityゲーム,2023-01-08T08:51:06Z,82,3,1
206,GameDev,【Unity初心者向け】ゲームの作り方ch,【おすすめ勉強方法】Unity初心者向けにゲーム開発の始め方を解説#ゲームの作り方 #unity初心者 #2023年から始める,2023-01-07T06:06:17Z,170,15,5
207,GameDev,【Unity初心者向け】ゲームの作り方ch,【Unityゲーム開発】2Dシューティングゲームの作り方を初心者向けに解説ぅ❗️#ゲームの作り方 #unity初心者 #シューティングゲーム,2022-12-30T07:46:59Z,237,13,3
208,GameDev,【Unity初心者向け】ゲームの作り方ch,【知識0でもOK】Unityで3Dコイン集めゲームを作る方法 #unity初心者 #ゲームの作り方  #3Dゲーム,2022-12-24T03:00:10Z,274,11,9
209,GameDev,【Unity初心者向け】ゲームの作り方ch,【Unityゲーム開発】ゲームに効果音やBGMをつける方法を解説ぅ！#ゲームの作り方 #unity初心者 #効果音の付け方,2022-12-18T09:57:04Z,132,4,0
210,GameDev,【Unity初心者向け】ゲームの作り方ch,【Unityゲーム初心者】FPS視点でプレイヤーを移動させる方法 #ゲームの作り方 #一人称視点  #Unity移動,2022-12-16T09:00:33Z,313,16,14
211,GameDev,【Unity初心者向け】ゲームの作り方ch,【Unity初心者向け】3Dメダル落としゲームの作り方#unity初心者 #ゲームの作り方 #メダル落とし,2022-12-11T04:00:07Z,319,14,1
212,GameDev,【Unity初心者向け】ゲームの作り方ch,【Unityゲーム開発】スマホでのプレイヤー移動を超絶カンタンに実装する方法,2022-12-09T08:45:02Z,228,16,5
213,GameDev,【Unity初心者向け】ゲームの作り方ch,【Unityおもしろ機能】スマホを傾けてボールを操作する3Dゲームの作り方#unity初心者 #unityゲーム #ゲームの作り方,2022-12-07T09:31:40Z,192,12,1
214,GameDev,【Unity初心者向け】ゲームの作り方ch,【初心者向けUnityゲーム開発】ボーリングゲームの作り方を14分で解説 #unity初心者 #unityゲーム #ゲームの作り方,2022-12-04T06:11:08Z,452,19,16
215,GameDev,【Unity初心者向け】ゲームの作り方ch,【Unity3Dゲームの基礎】建物の入り口にぶつかるとシーン移動する方法,2022-12-02T08:30:04Z,451,34,9
216,GameDev,【Unity初心者向け】ゲームの作り方ch,【ゲームが面白くなる】Unityでオンラインランキングを実装する方法を初心者向けに解説していくぅ！#unity初心者 #オンラインランキング #ゲームの作り方,2022-11-29T08:30:08Z,253,15,5
217,GameDev,【Unity初心者向け】ゲームの作り方ch,【Unityゲーム開発】敵を移動させる方法を初心者向けに解説,2022-11-27T04:00:12Z,406,16,6
218,GameDev,【Unity初心者向け】ゲームの作り方ch,【超初心者向け】Unityの設定を日本語化する方法 #unity初心者 #unityゲーム #ゲームの作り方,2022-11-25T08:45:00Z,151,7,5
219,GameDev,【Unity初心者向け】ゲームの作り方ch,【初心者向け講座】2022年最新！Unityのインストール方法を解説 #unity初心者 #Unity始め方 #ゲームの作り方,2022-11-21T09:00:27Z,280,13,0
220,GameDev,【Unity初心者向け】ゲームの作り方ch,プログラミング無しで3Dマップを作る方法【Unityゲーム初心者】【Terrain】#Unityゲーム #ゲームの作り方  #Unity初心者,2022-11-18T09:00:03Z,547,23,11
221,GameDev,【Unity初心者向け】ゲームの作り方ch,【Unityゲーム開発】初心者でも作れるお絵描きアプリの作り方を解説❗️,2022-11-14T09:34:30Z,573,35,9
222,GameDev,【Unity初心者向け】ゲームの作り方ch,【ゲームに必要な機能】オブジェクト同士がぶつかったら行う当たり判定を学ぼう,2022-11-11T09:04:22Z,396,21,3
223,GameDev,【Unity初心者向け】ゲームの作り方ch,【開発効率が爆上がり】Unityでゲームを作るときに必須なAssetStoreの基礎知識を初心者向けに解説,2022-11-06T09:18:01Z,342,21,4
224,GameDev,【Unity初心者向け】ゲームの作り方ch,【Unity初心者向け】頭文字Dっぽいレーシングゲームの作り方を解説！,2022-11-03T08:30:06Z,1925,59,16
225,GameDev,【Unity初心者向け】ゲームの作り方ch,Unityゲーム開発初心者でも20分でスーパーマリオ見たいな2Dアクションゲームを作る方法を解説,2022-11-01T08:45:02Z,1140,52,2
226,GameDev,【Unity初心者向け】ゲームの作り方ch,【Unityゲーム初心者向け】誰でも簡単に無料で3Dアニメーションを付ける方法,2022-10-29T08:00:06Z,963,50,0
227,GameDev,【Unity初心者向け】ゲームの作り方ch,【初心者向け3Dゲーム開発】誰でも簡単にUnityを使って鬼ごっこゲームを作る方法,2022-10-25T08:58:50Z,1804,73,9
228,GameDev,【Unity初心者向け】ゲームの作り方ch,【誰でも作れる】初心者OK！フラッピーバード風ゲームの作り方【Unityゲーム開発】,2022-09-24T10:15:17Z,275,15,3
229,GameDev,【Unity初心者向け】ゲームの作り方ch,【Unityゲーム開発】初心者でも簡単に3D的当てゲームを作る方法,2022-09-21T09:00:21Z,499,17,4
230,GameDev,【Unity初心者向け】ゲームの作り方ch,【Unityゲーム開発初心者向け】難しいプログラム無しで3Dゲームを作る方法,2022-09-17T08:00:08Z,8372,202,25
231,GameDev,【Unity初心者向け】ゲームの作り方ch,【Unityゲーム開発】初心者向けにじゃんけんゲームの作り方を簡単に解説！,2022-09-15T09:30:01Z,429,20,2
232,GameDev,【Unity初心者向け】ゲームの作り方ch,【Unity初心者向け】モグラ叩きゲームの開発方法を10分で解説【Unityゲーム】【ゲームの作り方】,2022-09-13T08:00:13Z,604,30,14
233,GameDev,【Unity初心者向け】ゲームの作り方ch,Unityでストップウォッチ作る方法を初心者向けに解説【ゲーム開発】【初心者入門】,2022-09-11T09:20:00Z,228,10,12
234,GameDev,【Unity初心者向け】ゲームの作り方ch,【Unity初心者向け】10分で解説。連打ゲームの開発方法を公開❗️,2022-09-09T09:00:11Z,348,22,5
235,GameDev,ヨウスコウTV【ゲーム制作中】,【UE5ぷちコン映像編4th】応募作品「名もなき戦い」,2023-01-09T08:53:24Z,410,13,2
236,GameDev,ヨウスコウTV【ゲーム制作中】,仕事辞めてゲーム開発極める…挫折しそう…＃UE5,2023-01-09T08:00:10Z,1709,63,7
237,GameDev,ヨウスコウTV【ゲーム制作中】,仕事を辞めてインディーゲーム開発極めることにしました＃UE5,2023-01-01T03:49:43Z,1553,59,15
238,GameDev,ヨウスコウTV【ゲーム制作中】,【祝収益化‼】ダンジョンRPGゲーム制作　非現実UnrealEngineを楽しむ配信＃UE5,2022-12-24T13:38:58Z,989,21,0
239,GameDev,ヨウスコウTV【ゲーム制作中】,【UE5初心者向け】コイン集めゲームを作りながらUE5の使い方解説‼,2022-12-18T10:00:08Z,849,41,10
240,GameDev,ヨウスコウTV【ゲーム制作中】,こんなゲームどうでしょう？麻雀×エルデンリング風アクションRPG＃UE5,2022-12-08T12:20:31Z,1406,26,2
241,GameDev,ヨウスコウTV【ゲーム制作中】,アラビアンナイトをモチーフにしたアクションゲームのプレイ映像 　【開発進捗動画】＃UE5,2022-11-26T10:47:31Z,1415,45,10
242,GameDev,ヨウスコウTV【ゲーム制作中】,インディーゲーム開発者に取材してきました!!デジゲー博【後編】,2022-11-15T11:15:05Z,1092,39,2
243,GameDev,ヨウスコウTV【ゲーム制作中】,インディーゲーム開発者に取材してきました!!デジゲー博【前編】,2022-11-15T11:00:29Z,1100,44,9
244,GameDev,ヨウスコウTV【ゲーム制作中】,ダークソウル風チョコボの不思議なダンジョンなゲーム作っています【生配信】,2022-10-23T04:38:15Z,1555,28,2
245,GameDev,ヨウスコウTV【ゲーム制作中】,【UE4】ヒットストップ・カメラシェイク・撃破スローモーション演出の作り方【ゲーム制作】,2022-10-15T09:34:18Z,1636,37,2
246,GameDev,ヨウスコウTV【ゲーム制作中】,【ソウルライク制作】敵AIの作り方を実況解説,2022-09-28T11:24:53Z,1606,42,4
247,GameDev,ヨウスコウTV【ゲーム制作中】,瞬間移動回避テレポートの作り方【UnrealEngineゲーム制作】,2022-09-18T08:20:18Z,1040,33,2
248,GameDev,ヨウスコウTV【ゲーム制作中】,登録者急上昇中‼ソウルライク開発LIVE生配信【UnrealEngine】,2022-09-03T12:25:08Z,1089,31,0
249,GameDev,ヨウスコウTV【ゲーム制作中】,"初心者向けアクションRPG制作講座②【アニメーション,ルートモーション】",2022-09-03T08:00:06Z,1465,41,9
250,GameDev,ヨウスコウTV【ゲーム制作中】,アクションRPGを超絶簡単に作る方法【UnrealEngine】,2022-08-27T09:00:19Z,5973,148,17
251,GameDev,ヨウスコウTV【ゲーム制作中】,ゲーム会社30社落ちたから1人でゲーム作ることにした男の末路,2022-08-17T13:39:56Z,2119,41,7
252,GameDev,ヨウスコウTV【ゲーム制作中】,ゲームイベント出展したらまさかの展開に!!【東京ゲームダンジョン】,2022-08-13T09:08:00Z,2337,83,19
253,GameDev,ヨウスコウTV【ゲーム制作中】,【ヨウスコウTVから緊急のお知らせ】,2022-08-05T11:10:31Z,941,22,10
254,GameDev,ヨウスコウTV【ゲーム制作中】,誰でも応募可能1000万円ゲームコンテスト‼ゲームクリエイターズラボ開幕【UE5】,2022-07-30T09:49:31Z,2152,26,13
255,GameDev,ヨウスコウTV【ゲーム制作中】,視聴者のアドバイスをゲーム制作に取り入れるべきか否か!?【UnrealEngine】,2022-07-17T09:05:39Z,1147,34,4
256,GameDev,ヨウスコウTV【ゲーム制作中】,Amazing action RPG game demo play made with UnrealEngine,2022-07-09T05:39:28Z,1430,25,2
257,GameDev,ヨウスコウTV【ゲーム制作中】,Souls-Like Action RPG Prototype Gameplay Video / Unreal Engine 5,2022-07-03T01:51:33Z,1627,24,6
258,GameDev,ヨウスコウTV【ゲーム制作中】,銀座インディーゲームコネクト行ってみた感想‼#IGC2022【UE5ゲーム制作】,2022-07-02T12:39:12Z,929,25,0
259,GameDev,ヨウスコウTV【ゲーム制作中】,エルデンリングにドハマりした30代男性がたった1人で開発したゲームが凄いと話題に!!(なってほしい),2022-06-21T10:06:19Z,1883,30,8
260,GameDev,ヨウスコウTV【ゲーム制作中】,ソウルライクを作る作業配信【UnrealEngine】,2022-06-12T12:10:35Z,1008,19,0
261,GameDev,ヨウスコウTV【ゲーム制作中】,おすすめインディーゲームイベントまとめ10選紹介!!,2022-06-07T09:28:57Z,1246,56,0
262,GameDev,ヨウスコウTV【ゲーム制作中】,アンリアルクエスト３提出動画【Deepman】,2022-05-28T04:52:48Z,1311,13,2
263,GameDev,ヨウスコウTV【ゲーム制作中】,Apex作りながらUnrealEngineの基本的な使い方解説【超初心者向け】,2022-05-20T09:00:17Z,11824,493,68
264,GameDev,ヨウスコウTV【ゲーム制作中】,このゲーム面白すぎる！！#ソウルライク,2022-05-13T11:32:26Z,1304,21,2
265,GameDev,Unity幼稚園,ゲーム開発者たちのマーダーミステリー「ブラックナイトスレイヴ」【営業視点 / じょに】,2022-12-28T02:25:40Z,129,4,2
266,GameDev,Unity幼稚園,【Unity講座】Playerを追いかけるホーミング機能の実装💫,2022-12-14T07:30:38Z,503,39,2
267,GameDev,Unity幼稚園,【ポケモンSV】実家に帰ったら母が孵化作業してました,2022-12-04T13:04:21Z,68,5,0
268,GameDev,Unity幼稚園,【ポケモンSV】どうも、次期スター団統領です,2022-12-01T15:48:29Z,71,4,0
269,GameDev,Unity幼稚園,【ポケモンSV】ぬし釣りでいう大アカメ,2022-11-29T14:28:39Z,47,4,0
270,GameDev,Unity幼稚園,動画を見ながら作業して効率アップしよう！【Chrome拡張 / Picture in Picture】,2022-11-29T11:12:25Z,197,17,0
271,GameDev,Unity幼稚園,【ポケモンSV】久々なのですべて忘れた,2022-11-28T11:25:54Z,71,6,0
272,GameDev,Unity幼稚園,【ポケモンSV】探索して旅パ作るぞ〜,2022-11-24T18:01:39Z,57,6,0
273,GameDev,Unity幼稚園,【Unity講座】マウスの向きに撃つ全方位シューティングの作り方🚀,2022-11-24T13:31:21Z,239,18,2
274,GameDev,Unity幼稚園,【ポケモンSV】面白すぎて作業が進みません,2022-11-23T17:15:27Z,61,5,0
275,GameDev,Unity幼稚園,【ポケモンSV】すみません、進化してしまいました,2022-11-22T12:58:03Z,68,5,0
276,GameDev,Unity幼稚園,【ポケモンSV】そろそろ入学したい,2022-11-21T10:23:13Z,81,3,0
277,GameDev,Unity幼稚園,【ポケモンSV】ちょっとパルデア行ってくらあ,2022-11-21T07:16:18Z,77,2,0
278,GameDev,Unity幼稚園,開発中のゲームのパフォーマンスを見てみよう！【Unity /C#】,2022-08-21T17:05:14Z,395,31,0
279,GameDev,Unity幼稚園,【初心者向け】列挙型の使い方【Unity /C#】,2022-07-23T18:10:07Z,478,22,4
280,GameDev,Unity幼稚園,【初心者向け】配列の使い方【Unity /C#】,2022-07-14T10:03:14Z,556,25,2
281,GameDev,Unity幼稚園,【初心者向け】for文の使い方【Unity /C#】,2022-05-28T15:19:04Z,226,13,4
282,GameDev,Unity幼稚園,【初心者向け】while文の使い方【Unity /C#】,2022-04-27T17:19:33Z,220,14,0
283,GameDev,Unity幼稚園,【初心者向け】switch文の使い方【Unity /C#】,2022-04-11T16:53:46Z,312,14,3
284,GameDev,Unity幼稚園,【初心者向け】else ifの使い方【Unity /C#】,2022-03-26T09:19:30Z,199,10,0
285,GameDev,Unity幼稚園,【Unity講座】寿司打風タイピングゲームの作り方 #19 シフトキーの対応,2022-03-19T07:18:04Z,537,13,3
286,GameDev,Unity幼稚園,【初心者向け】if-else文の使い方【Unity /C#】,2022-03-17T13:22:51Z,156,5,0
287,GameDev,Unity幼稚園,【初心者向け】if文の使い方【Unity /C#】,2022-02-25T07:57:54Z,244,15,2
288,GameDev,Unity幼稚園,ハイパーほしにく #異世界トレーニング飯,2022-02-19T07:40:04Z,161,8,0
289,GameDev,Unity幼稚園,グリルエビの異世界盛り 〜昨日の鍋を添えて〜 #異世界トレーニング飯,2022-01-31T18:26:27Z,113,8,0
290,GameDev,Unity幼稚園,マンドラゴラのピリ辛鍋 #異世界トレーニング飯,2022-01-28T04:21:55Z,259,11,4
291,GameDev,Unity幼稚園,【Unity講座】VVVVVV風2Dアクションゲームの作り方 #15 カメラの移動,2022-01-24T02:43:53Z,389,10,6
292,GameDev,Unity幼稚園,【Unity講座】VVVVVV風2Dアクションゲームの作り方 #14 すり抜ける壁の実装,2022-01-06T16:29:21Z,271,8,0
293,GameDev,Unity幼稚園,【Unity講座】VVVVVV風2Dアクションゲームの作り方 #13 跳ね返る壁の実装,2021-12-20T08:04:30Z,246,7,2
294,GameDev,Unity幼稚園,【Unity講座】VVVVVV風2Dアクションゲームの作り方 #12 リスタートの実装,2021-11-28T17:11:47Z,256,8,0
295,GameDev,Unity小技チャンネル,【Unity講座】マウス操作で画像切り替え,2022-12-13T12:01:47Z,71,3,0
296,GameDev,Unity小技チャンネル,【Unity講座】同じマウスボタンを２回押して画像を切り替え,2022-12-05T11:36:20Z,40,3,0
297,GameDev,Unity小技チャンネル,【Unity講座】歩行アニメをつくる方法（2D版）,2022-11-04T12:04:26Z,96,8,0
298,GameDev,Unity小技チャンネル,【Unity】2DマップでNPCと会話する【ウィンドウ】,2022-09-20T10:34:14Z,298,9,1
299,GameDev,Unity小技チャンネル,【Unity】オブジェクトクリックでシーン移動【2D/3D】,2022-09-17T02:34:19Z,107,9,2
300,GameDev,Unity小技チャンネル,【Unity講座】2Dマップでドアに当ってシーン移動【C#】,2022-09-13T10:00:14Z,339,13,11
301,GameDev,Unity小技チャンネル,【Unity講座】ゲームにBGMを設定する方法,2022-09-10T03:00:20Z,44,3,0
302,GameDev,Unity小技チャンネル,【Unity講座】マップチップを使って2D街を作る方法【C#】,2022-09-06T08:30:01Z,292,10,1
303,GameDev,Unity小技チャンネル,【Unity講座】マウス操作で画像をオンオフする方法【C#】,2022-08-27T12:05:52Z,88,2,0
304,GameDev,Unity小技チャンネル,【Unity講座】ボタンを押してシーンを移動する方法【C#】,2022-08-23T09:15:02Z,115,6,2
305,GameDev,Unity小技チャンネル,【Unity講座】キャラクター画像をキーボードで移動する方法【キー入力】,2022-08-22T09:15:02Z,84,5,0
306,GameDev,Unity小技チャンネル,【Unity講座】マウスで音を鳴らす方法【クリック操作】,2022-08-15T13:13:40Z,74,5,b''
307,GameDev,Unity小技チャンネル,【Unity】ボタンを押すと音が鳴る方法【UI】,2022-08-04T13:04:28Z,144,8,0
308,Photoshop,初心者の為のphotoshop講座 photoshop教室 photoshop フォトショップ,photoshopで鉄道の写真をイラストに変えます。part24   CG  合成写真　写真加工　インスタグラム　 イラストレーター　フォトショップ　　photoshop　コンピューターグラフィックス,2023-01-09T08:18:47Z,4,0,0
309,Photoshop,初心者の為のphotoshop講座 photoshop教室 photoshop フォトショップ,photoshopでバイクの写真イラストにする。part13   CG  合成写真　写真加工　インスタグラム　 イラストレーター　フォトショップ　　photoshop　コンピューターグラフィックス,2023-01-09T04:41:39Z,2,0,0
310,Photoshop,初心者の為のphotoshop講座 photoshop教室 photoshop フォトショップ,photoshopでトリックアートを簡単に作りますpart213。  合成写真　写真加工　インスタグラム　 イラストレーター　フォトショップ　　photoshop　コンピューターグラフィックス,2023-01-08T04:38:09Z,7,0,0
311,Photoshop,初心者の為のphotoshop講座 photoshop教室 photoshop フォトショップ,photoshopで写真を墨絵に変える。part4  CG  合成写真　写真加工　インスタグラム　 イラストレーター　フォトショップ　　photoshop　コンピューターグラフィックス,2023-01-06T05:45:40Z,7,0,0
312,Photoshop,初心者の為のphotoshop講座 photoshop教室 photoshop フォトショップ,photoshopで写真をイラストに変える212。CG  合成写真　写真加工　インスタグラム　 イラストレーター　フォトショップ　　photoshop　コンピューターグラフィックス,2023-01-04T06:11:12Z,12,0,0
313,Photoshop,初心者の為のphotoshop講座 photoshop教室 photoshop フォトショップ,photoshopで写真をイラストに変える211。CG  合成写真　写真加工　インスタグラム　 イラストレーター　フォトショップ　　photoshop　コンピューターグラフィックス,2023-01-03T06:55:53Z,13,0,0
314,Photoshop,初心者の為のphotoshop講座 photoshop教室 photoshop フォトショップ,photoshopで写真を水彩画に変える。part66  CG  合成写真　写真加工　インスタグラム　 イラストレーター　フォトショップ　　photoshop　コンピューターグラフィックス,2022-12-31T03:06:54Z,11,0,0
315,Photoshop,初心者の為のphotoshop講座 photoshop教室 photoshop フォトショップ,Photoshopで写真に風を入れる  CG  合成写真　写真加工　インスタグラム　 イラストレーター　フォトショップ　　photoshop　コンピューターグラフィックス,2022-12-30T06:06:55Z,6,0,0
316,Photoshop,初心者の為のphotoshop講座 photoshop教室 photoshop フォトショップ,photoshopで写真を水彩画に変える。part65  CG  合成写真　写真加工　インスタグラム　 イラストレーター　フォトショップ　　photoshop　コンピューターグラフィックス,2022-12-28T07:53:20Z,15,1,0
317,Photoshop,初心者の為のphotoshop講座 photoshop教室 photoshop フォトショップ,photoshopでトリックアートを簡単に作りますpart212。  合成写真　写真加工　インスタグラム　 イラストレーター　フォトショップ　　photoshop　コンピューターグラフィックス,2022-12-28T04:44:54Z,6,0,0
318,Photoshop,初心者の為のphotoshop講座 photoshop教室 photoshop フォトショップ,photoshopでCGを作る。part3  合成写真　写真加工　インスタグラム　 イラストレーター　フォトショップ　　photoshop　コンピューターグラフィックス,2022-12-26T04:50:03Z,13,0,0
319,Photoshop,初心者の為のphotoshop講座 photoshop教室 photoshop フォトショップ,PhotoshopでCGを作る。  合成写真　写真加工　インスタグラム　 イラストレーター　フォトショップ　　photoshop　コンピューターグラフィックス,2022-12-25T08:16:10Z,11,0,0
320,Photoshop,初心者の為のphotoshop講座 photoshop教室 photoshop フォトショップ,photoshopでトリックアートを簡単に作りますpart211。  合成写真　写真加工　インスタグラム　 イラストレーター　フォトショップ　　photoshop　コンピューターグラフィックス,2022-12-24T05:19:30Z,14,0,0
321,Photoshop,初心者の為のphotoshop講座 photoshop教室 photoshop フォトショップ,Photoshopでガラス球を作る  CG  合成写真　写真加工　インスタグラム　 イラストレーター　フォトショップ　　photoshop　コンピューターグラフィックス,2022-12-19T04:07:58Z,22,0,0
322,Photoshop,初心者の為のphotoshop講座 photoshop教室 photoshop フォトショップ,photoshopでペットの写真をスケッチする。part15  CG  合成写真　写真加工　インスタグラム　 イラストレーター　フォトショップ　　photoshop　コンピューターグラフィックス,2022-12-16T03:48:52Z,6,0,0
323,Photoshop,初心者の為のphotoshop講座 photoshop教室 photoshop フォトショップ,photoshopで写真をポップアートに変える。part16 CG  合成写真　写真加工　インスタグラム　 イラストレーター　フォトショップ　　photoshop　コンピューターグラフィックス,2022-12-15T06:18:05Z,5,0,0
324,Photoshop,初心者の為のphotoshop講座 photoshop教室 photoshop フォトショップ,photoshopで写真を水彩画に変える。part64  CG  合成写真　写真加工　インスタグラム　 イラストレーター　フォトショップ　　photoshop　コンピューターグラフィックス,2022-12-13T08:09:55Z,11,0,0
325,Photoshop,初心者の為のphotoshop講座 photoshop教室 photoshop フォトショップ,photoshopで写真をアンディウォーホル風のイラストにする。part27  CG  合成写真　写真加工インスタグラムイラストレーターフォトショップphotoshop　コンピューターグラフィックス,2022-12-13T04:26:28Z,9,0,0
326,Photoshop,初心者の為のphotoshop講座 photoshop教室 photoshop フォトショップ,photoshopでトリックアートを簡単に作りますpart210。   合成写真　写真加工　インスタグラム　 イラストレーター　フォトショップ　　photoshop　コンピューターグラフィックス,2022-12-12T07:20:07Z,13,0,0
327,Photoshop,初心者の為のphotoshop講座 photoshop教室 photoshop フォトショップ,photoshopで写真をアンディウォーホル風のイラストにする。part26  CG  合成写真　写真加工インスタグラムイラストレーターフォトショップphotoshop　コンピューターグラフィックス,2022-12-12T04:29:37Z,4,1,0
328,Photoshop,初心者の為のphotoshop講座 photoshop教室 photoshop フォトショップ,photoshopで写真をスケッチに変える。part90   CG  合成写真　写真加工　インスタグラム　 イラストレーター　フォトショップ　　photoshop　コンピューターグラフィックス,2022-12-11T05:40:52Z,6,0,0
329,Photoshop,初心者の為のphotoshop講座 photoshop教室 photoshop フォトショップ,photoshopで写真をイラストに変える210。CG  合成写真　写真加工　インスタグラム　 イラストレーター　フォトショップ　　photoshop　コンピューターグラフィックス,2022-12-10T04:16:56Z,12,0,0
330,Photoshop,初心者の為のphotoshop講座 photoshop教室 photoshop フォトショップ,photoshopで絵画をジオラマに変えますPart9    CG  合成写真　写真加工　インスタグラム　 イラストレーター　フォトショップ　　photoshop　コンピューターグラフィックス,2022-12-09T07:20:29Z,11,0,0
331,Photoshop,初心者の為のphotoshop講座 photoshop教室 photoshop フォトショップ,photoshopで写真をイラストに変える209。CG  合成写真　写真加工　インスタグラム　 イラストレーター　フォトショップ　　photoshop　コンピューターグラフィックス,2022-12-09T05:09:35Z,13,0,0
332,Photoshop,初心者の為のphotoshop講座 photoshop教室 photoshop フォトショップ,photoshopで飛び出す絵本を作ります。part24   合成写真　写真加工　インスタグラム　 イラストレーター　フォトショップ　　photoshop　コンピューターグラフィックス,2022-12-06T05:57:08Z,18,0,0
333,Photoshop,初心者の為のphotoshop講座 photoshop教室 photoshop フォトショップ,photoshopで缶の写真をイラストに変えます。part1  CG  合成写真　写真加工　インスタグラム　 イラストレーター　フォトショップ　　photoshop　コンピューターグラフィックス,2022-12-05T04:40:22Z,7,0,0
334,Photoshop,初心者の為のphotoshop講座 photoshop教室 photoshop フォトショップ,photoshopで写真をスケッチに変える。part89   CG  合成写真　写真加工　インスタグラム　 イラストレーター　フォトショップ　　photoshop　コンピューターグラフィックス,2022-12-03T06:27:05Z,11,0,0
335,Photoshop,初心者の為のphotoshop講座 photoshop教室 photoshop フォトショップ,photoshopで浮世絵をジオラマに変えます　part97。    CG  合成写真　写真加工　インスタグラム　 イラストレーター　フォトショップ　　photoshop　コンピューターグラフィックス,2022-12-01T07:34:26Z,8,0,0
336,Photoshop,初心者の為のphotoshop講座 photoshop教室 photoshop フォトショップ,photoshopで写真をイラストに変える208。CG  合成写真　写真加工　インスタグラム　 イラストレーター　フォトショップ　　photoshop　コンピューターグラフィックス,2022-11-30T05:45:54Z,27,0,0
337,Photoshop,初心者の為のphotoshop講座 photoshop教室 photoshop フォトショップ,photoshopで飛び出す絵本を作ります。part23   合成写真　写真加工　インスタグラム　 イラストレーター　フォトショップ　　photoshop　コンピューターグラフィックス,2022-11-28T07:42:40Z,15,0,0
338,Photoshop,Photoshop Elements講座 ふわっとスタイル,【基本＃81】Photoshop Elements で写真を水彩画風に加工する方法,2022-12-28T05:29:32Z,170,14,4
339,Photoshop,Photoshop Elements講座 ふわっとスタイル,【基本＃80】Photoshop Elementsの非破壊編集とは？破壊してもいいんじゃない！？,2022-12-17T05:30:14Z,183,13,2
340,Photoshop,Photoshop Elements講座 ふわっとスタイル,【初心者向け＃79】Photoshop Elements のクイックモードで写真の補正（レタッチ）の方法,2022-12-10T08:43:38Z,254,15,0
341,Photoshop,Photoshop Elements講座 ふわっとスタイル,【基本＃78】Photoshop Elements ガイドモード「絵画風」の使い方,2022-12-07T07:46:33Z,156,9,2
342,Photoshop,Photoshop Elements講座 ふわっとスタイル,【基本＃77】Photoshop Elementsで虹を作る方法,2022-11-27T08:29:42Z,240,16,0
343,Photoshop,Photoshop Elements講座 ふわっとスタイル,【初心者向け#76】Photoshop Elements2023を今から始める方のための起動と基本操作！,2022-11-20T06:22:35Z,435,10,0
344,Photoshop,Photoshop Elements講座 ふわっとスタイル,【基本＃75】Photoshop Elements 2023 新機能の紹介と2022との比較！,2022-11-11T07:34:09Z,551,13,2
345,Photoshop,Photoshop Elements講座 ふわっとスタイル,【基本＃74】Photoshop Elementsで写真をイラスト風に加工する方法,2022-11-01T08:44:38Z,288,17,0
346,Photoshop,Photoshop Elements講座 ふわっとスタイル,【基本＃73】Photoshop Elementsでネオン文字の作り方！,2022-10-23T05:28:41Z,320,20,0
347,Photoshop,Photoshop Elements講座 ふわっとスタイル,【基本＃72】Photoshop Elements 2023 アップグレードするのか？しないのか？の雑談です。,2022-10-18T07:57:28Z,438,14,0
348,Photoshop,Photoshop Elements講座 ふわっとスタイル,【基本＃71】Photoshop ElementsでGIFアニメーションの作り方！！,2022-10-09T09:38:31Z,290,13,0
349,Photoshop,Photoshop Elements講座 ふわっとスタイル,【基本＃70】Photoshop Elementsの「Camera Rawで開く」を使って逆光の補正の方法,2022-10-02T06:37:24Z,432,19,2
350,Photoshop,Photoshop Elements講座 ふわっとスタイル,【基本＃69】Photoshop Elementsで写真の色合いを調整や色を変えるための基本操作！,2022-09-18T08:39:46Z,363,11,3
351,Photoshop,Photoshop Elements講座 ふわっとスタイル,【基本＃68】Photoshop Elementsで写真の明るさを調整する基本操作！,2022-09-10T06:01:49Z,395,22,0
352,Photoshop,Photoshop Elements講座 ふわっとスタイル,【基本＃67】Photoshop Elementsで顔だけを入れ替える合成写真の作り方！,2022-08-30T07:47:22Z,487,19,2
353,Photoshop,Photoshop Elements講座 ふわっとスタイル,【基本＃66】Photoshop Elements 2022の新機能「ムービングオーバーレイ」で動く写真の作り方！,2022-08-23T09:31:27Z,312,13,2
354,Photoshop,Photoshop Elements講座 ふわっとスタイル,【基本＃65】Photoshop Elementsの描画モードの基本の使い方！,2022-08-13T07:35:00Z,315,12,4
355,Photoshop,Photoshop Elements講座 ふわっとスタイル,【基本＃64】Photoshop Elementsで合成画像を作るときのコピー＆ペースト,2022-08-06T02:43:41Z,743,20,4
356,Photoshop,Photoshop Elements講座 ふわっとスタイル,【基本＃63】Photoshop Elementsで自然なリアルな影と鏡面反射で影を作る方法！,2022-07-30T05:35:24Z,398,22,2
357,Photoshop,Photoshop Elements講座 ふわっとスタイル,【基本＃62】Photoshop Elementsで簡単にカラフルなシャボン玉を作る方法！,2022-07-23T23:35:13Z,560,23,4
358,Photoshop,Photoshop Elements講座 ふわっとスタイル,【基本＃61】Photoshop Elementsでチルトシフトを使ってミニチュア風に写真を加工する方法,2022-07-17T08:44:51Z,318,17,0
359,Photoshop,Photoshop Elements講座 ふわっとスタイル,【基本＃60】Photoshop Elementsを環境設定で最適にカスタマイズ！,2022-07-08T23:12:33Z,448,8,9
360,Photoshop,Photoshop Elements講座 ふわっとスタイル,【基本＃59】Photoshop Elementsで写真をダブルトーンに加工する＆ガイドモード「ダブルトーン効果」の使い方,2022-07-02T05:22:57Z,257,12,1
361,Photoshop,Photoshop Elements講座 ふわっとスタイル,【基本＃58】Photoshop Elementsで拡大してもキレイなシェイプツールで作る画像ロゴ,2022-06-24T11:49:21Z,411,14,0
362,Photoshop,Photoshop Elements講座 ふわっとスタイル,【基本＃57】Photoshop Elementsの「シェイプに沿ったテキストの追加ツール」の使い方！,2022-06-17T05:59:51Z,341,9,1
363,Photoshop,Photoshop Elements講座 ふわっとスタイル,【基本＃56】Photoshop Elements 2022新機能ガイドモード［背景を拡張］ とエキスパートモードで「切り抜きツール」縦長写真を横長にリサイズする方法,2022-06-10T09:00:45Z,465,11,2
364,Photoshop,Photoshop Elements講座 ふわっとスタイル,【基本＃55】Photoshop Elements のレイヤースタイルパネルで文字にプロのようなデザインをする方法,2022-05-29T07:13:49Z,401,10,0
365,Photoshop,Photoshop Elements講座 ふわっとスタイル,【基本＃54】Photoshop Elements レイヤースタイルの基本的な使い方,2022-05-20T03:10:35Z,399,8,2
366,Photoshop,Photoshop Elements講座 ふわっとスタイル,【基本＃53】Photoshop Elements 2022の新機能「ワープ」の使い方と曲線に変形して合成,2022-05-12T23:57:23Z,804,19,4
367,Photoshop,Photoshop Elements講座 ふわっとスタイル,【基本＃52】Photoshop Elementsの消しゴムツール、背景消しゴムツール、マジック消しゴムツールの使い方と簡単な切り抜き,2022-05-04T11:13:07Z,1893,25,4
368,Photoshop,プロのデザイン講座うえのくん,【イラレ】デザインの現場で使える細かいテクニックを応用して作る放射状のオブジェクト【Adobe Illustrator】,2023-01-08T11:00:03Z,110,12,1
369,Photoshop,プロのデザイン講座うえのくん,【おしゃれグラフィック】写真の一部がイラストになっているグラフィックの作り方【Adobe Illustrator】,2022-12-25T11:00:01Z,172,22,5
370,Photoshop,プロのデザイン講座うえのくん,【文字と写真を合成】クリスマスなグラフィックの作り方【Adobe Illustrator】,2022-12-11T11:00:14Z,290,22,5
371,Photoshop,プロのデザイン講座うえのくん,【優秀な表現方法】グリッドデザインの見せ方を3案ご紹介！【Adobe Illustrator】,2022-12-04T11:00:14Z,487,38,1
372,Photoshop,プロのデザイン講座うえのくん,【デザイン改善】3つの改善案を見ながらデザインの重要なポイントをお伝えします！【Adobe Illustrator】,2022-11-27T12:00:12Z,296,31,1
373,Photoshop,プロのデザイン講座うえのくん,【必須の知識】デザインの質を向上させるための画像のピクセルと解像度について【Adobe Illustrator】,2022-11-20T11:00:33Z,315,28,4
374,Photoshop,プロのデザイン講座うえのくん,【イラレ基礎】リンク画像or埋め込み画像、プロデザイナーはどちらを使う！？【Adobe Illustrator】,2022-11-13T11:00:17Z,498,32,5
375,Photoshop,プロのデザイン講座うえのくん,【初心者でも作れる】立体的な文字グラフィックの作り方【Adobe Illustrator】,2022-11-05T11:00:06Z,279,23,1
376,Photoshop,プロのデザイン講座うえのくん,【文字加工テク】アルファベットを加工して漢字ロゴタイプを作る動画【Adobe Illustrator】,2022-10-29T11:00:11Z,424,39,3
377,Photoshop,プロのデザイン講座うえのくん,【知らないと困る】印刷用入稿データの作り方・デザインやイラレの基礎基本【Adobe Illustrator】,2022-10-23T11:00:16Z,819,55,3
378,Photoshop,プロのデザイン講座うえのくん,【簡単】ハロウィンのグラフィックを作る動画・Video of making Halloween graphics【Adobe Illustrator】#Shorts,2022-10-19T14:00:11Z,283,11,0
379,Photoshop,プロのデザイン講座うえのくん,【簡単】ハロウィンのグラフィックを作る動画・Video of making Halloween graphics【Adobe Illustrator】,2022-10-18T12:00:25Z,343,35,7
380,Photoshop,プロのデザイン講座うえのくん,【基礎知識】イラレの環境設定を初期設定のままにしてませんか！？イラレが使いやすくなるプロデザイナーの環境設定を紹介！【Adobe Illustrator】,2022-10-15T11:00:33Z,589,42,1
381,Photoshop,プロのデザイン講座うえのくん,【作業効率UP】イラレで使えるcommandキーの便利機能！【Adobe Illustrator】#Shorts,2022-10-13T13:08:28Z,498,24,4
382,Photoshop,プロのデザイン講座うえのくん,【超簡単】イラレで画像を切り抜いてリアルなドロップシャドウをつける動画【Adobe Illustrator】#Shorts,2022-10-10T10:05:56Z,1315,17,2
383,Photoshop,プロのデザイン講座うえのくん,【作業効率UP】プロデザイナーのツールウインドウを公開！作業効率をアップさせるワークスペースのカスタム方法【Adobe Illustrator】,2022-10-08T11:00:35Z,457,35,7
384,Photoshop,プロのデザイン講座うえのくん,【超使えるテクニック】画像を切り抜いてリアルなドロップシャドウをつける動画・アパレル系のデザインに使えるテクニック【Adobe Illustrator】,2022-10-01T11:00:29Z,538,50,1
385,Photoshop,プロのデザイン講座うえのくん,【初心者見て】このチラシデザインを真似して作ればデザインスキルがアップする動画【Adobe Illustrator】,2022-09-23T11:00:15Z,1165,59,3
386,Photoshop,プロのデザイン講座うえのくん,【広告デザインに絶対必要な知識】「トンボ」と「塗り足し」がよく解る動画【Adobe Illustrator】,2022-09-17T11:00:33Z,555,54,5
387,Photoshop,プロのデザイン講座うえのくん,【脱初心者したい人見て】誰でも改善できる！プロっぽくないデザインを添削しながら、デザインで一番大切な事を伝える動画【Adobe Illustrator】,2022-09-10T11:00:35Z,1302,113,3
388,Photoshop,プロのデザイン講座うえのくん,【イラレで作る】人物写真とイラストを合成したグラフィックの作り方【Adobe Illustrator】,2022-09-03T11:00:15Z,2153,150,3
389,Photoshop,プロのデザイン講座うえのくん,【必見】イラレで人物写真をポップアート風のイラストにする方法【Adobe Illustrator】,2022-08-27T11:00:03Z,1481,100,5
390,Photoshop,プロのデザイン講座うえのくん,【めちゃ使える！】文字が透けて見える！！透明なオブジェクトを作る方法【Adobe Illustrator】,2022-08-20T11:00:38Z,568,43,7
391,Photoshop,プロのデザイン講座うえのくん,【超簡単】まるでフォトショップ！！イラレでもできる写真をグラデーションのようにボカす方法【Adobe Illustrator】,2022-08-14T11:00:04Z,1161,94,7
392,Photoshop,プロのデザイン講座うえのくん,【必見】ロゴマニュアルの作り方知ってる！？入れるべき内容や重要なポイントを解説！ロゴマニュアルを作る時の便利機能も紹介！【Adobe Illustrator】,2022-08-06T11:00:02Z,685,43,1
393,Photoshop,プロのデザイン講座うえのくん,知ってると超便利！マニアックなショートカットキー3選！【Adobe Illustrator】,2022-07-29T11:00:35Z,413,31,3
394,Photoshop,プロのデザイン講座うえのくん,イラレで作る！立体的な3Dロゴの作り方！Adobe Illustrator,2022-07-22T11:00:43Z,733,45,1
395,Photoshop,プロのデザイン講座うえのくん,イラレやデザインのスキルアップになるから真似してみて！すべて無料素材で作るビールイベントのバナー制作の流れ,2022-07-15T11:00:18Z,1177,68,5
396,Photoshop,プロのデザイン講座うえのくん,【イラレ】ビンテージ感を演出するザラザラした文字の作り方【プロのデザイン講座】,2022-07-01T11:00:27Z,335,25,5
397,Photoshop,プロのデザイン講座うえのくん,【イラレ】超簡単！クレヨンで描いたような手書き文字の作り方・プロのデザイン講座,2022-06-29T11:00:00Z,675,38,1
398,Photoshop,Photo Graphico Art Photo 高山龍也,Photoshop合成作品制作過程早送り,2023-01-09T08:45:45Z,52,1,0
399,Photoshop,Photo Graphico Art Photo 高山龍也,スタジオライティング動画！スタジオでCoolなライティングを！,2022-12-18T10:00:16Z,239,25,2
400,Photoshop,Photo Graphico Art Photo 高山龍也,Mio at itami,2022-12-17T10:51:06Z,118,7,2
401,Photoshop,Photo Graphico Art Photo 高山龍也,Photoshop合成作品やレタッチワークのレイヤーを大公開！,2022-10-07T11:00:24Z,291,13,2
402,Photoshop,Photo Graphico Art Photo 高山龍也,PhotoshopでArt Photoレタッチ！Crack Faceを作る！,2022-09-29T07:18:29Z,208,18,2
403,Photoshop,Photo Graphico Art Photo 高山龍也,Photoshopぼかしフィルターの効果的な使い方！,2022-08-27T12:00:05Z,337,18,0
404,Photoshop,Photo Graphico Art Photo 高山龍也,Photoshopで簡単にキラキラした光のフレアを作ろう！！,2022-08-14T10:00:02Z,674,21,2
405,Photoshop,Photo Graphico Art Photo 高山龍也,スタジオの背景紙を1人で切ってみる動画,2022-07-16T08:23:25Z,246,11,0
406,Photoshop,Photo Graphico Art Photo 高山龍也,Photoshopで簡単に背景延長！塗りつぶしツールは便利で簡単！,2022-07-11T10:09:00Z,381,23,0
407,Photoshop,Photo Graphico Art Photo 高山龍也,スタジオ宣材写真撮影！モデルさんの表現力とポージングに注目！,2022-06-26T09:58:25Z,910,38,8
408,Photoshop,Photo Graphico Art Photo 高山龍也,Photoshop！究極の美肌レタッチ！ボカさず飛ばさず毛穴を残して肌を美しく！,2022-06-18T08:25:17Z,1316,49,2
409,Photoshop,Photo Graphico Art Photo 高山龍也,Photoshop肌のレタッチが一瞬で出来る！ニューラル フィルターの正しい使い方！,2022-06-02T06:03:09Z,1571,40,0
410,Photoshop,Photo Graphico Art Photo 高山龍也,Photoshop仕事で役立つレタッチ！スーツのシワを自然に目立たなくする！,2022-01-29T09:23:48Z,1965,57,6
411,Photoshop,Photo Graphico Art Photo 高山龍也,Photoshop Lightroom Classic デカイ追加機能！でもこれ本当に必要？！,2021-11-22T02:38:55Z,616,26,2
412,Photoshop,Photo Graphico Art Photo 高山龍也,スタジオでCoolな写真を撮影しよう！的な人気セミナーの様子です！,2021-10-26T06:56:08Z,698,22,0
413,Photoshop,Photo Graphico Art Photo 高山龍也,Photoshop　ショートカットキーで作業効率を飛躍的にアップ！,2021-08-31T07:53:16Z,497,16,0
414,Photoshop,Photo Graphico Art Photo 高山龍也,簡単Photoshop！天から光が降り注ぐ！天使の階段を作ろう！,2021-08-11T09:32:51Z,608,18,0
415,Photoshop,Photo Graphico Art Photo 高山龍也,Photoshopポートレートレタッチの流れを一気に公開！,2021-07-26T09:07:29Z,1345,38,3
416,Photoshop,Photo Graphico Art Photo 高山龍也,Photoshopでアートフォト制作！リアル花吹雪を作ろう！,2021-07-17T03:12:13Z,652,27,1
417,Photoshop,Photo Graphico Art Photo 高山龍也,Photoshop2021試して欲しい驚愕の！！新機能！,2021-02-16T08:38:12Z,2673,54,0
418,Photoshop,Photo Graphico Art Photo 高山龍也,Photoshopで歯を美しく！,2021-01-27T05:27:35Z,634,26,0
419,Photoshop,Photo Graphico Art Photo 高山龍也,Lightroom Classicで構図を整える！基本機能！変形メニューUpright機能について。,2020-08-13T09:10:32Z,725,27,0
420,Photoshop,Photo Graphico Art Photo 高山龍也,Photoshopでポートレート写真”目のレタッチ”実践動画！,2020-07-27T06:52:00Z,4214,126,2
421,Photoshop,Photo Graphico Art Photo 高山龍也,Photoshop入門！ 画像のサイズや画像解像度の確認と変更について,2020-07-08T02:21:03Z,7021,133,6
422,Photoshop,Photo Graphico Art Photo 高山龍也,Photoshopの大切な明るさ調整機能。レベル補正とトーンカーブの違い！,2020-06-29T05:47:47Z,4490,135,2
423,Photoshop,Photo Graphico Art Photo 高山龍也,Lightroom意外と知らない？！小技お教えします！,2020-06-23T04:58:51Z,704,48,6
424,Photoshop,Photo Graphico Art Photo 高山龍也,Photoshop合成画像の馴染ませテクニック！人物切り抜き、自然の中に溶け込む、髪の毛は描いて馴染ませる！出し惜しみしません！長〜い動画。,2020-06-19T02:18:50Z,2863,79,1
425,Photoshop,Photo Graphico Art Photo 高山龍也,ペンタブレット！Wacom Intuos small買ってみました。筆圧調整をしながら少し使ってみました。,2020-06-12T03:19:12Z,12165,102,5
426,Photoshop,Photo Graphico Art Photo 高山龍也,Photoshop！たくさん写り込んでいる不要なものも簡単に消してしまいましょう！,2020-06-08T15:18:09Z,930,32,6
427,Photoshop,Photo Graphico Art Photo 高山龍也,初級者の方々必見！Lightroom基本補正を覚えましょう！,2020-06-03T08:40:43Z,606,21,2
428,Photoshop,emi-lab ARTとデザイン日和,webデザイナー 副業したい人へ。webデザイン 講座,2023-01-08T09:00:04Z,243,22,2
429,Photoshop,emi-lab ARTとデザイン日和,【photoshop2022】 バナー 作り方 photoshop　#webデザイナー #フォトショップ,2022-12-11T09:30:19Z,382,15,2
430,Photoshop,emi-lab ARTとデザイン日和,【バナー・LP講座】WEBデザインで使えるこれぞ定番！の形たち。#Photoshop講座#バナーの作り方,2022-11-27T09:45:00Z,382,25,1
431,Photoshop,emi-lab ARTとデザイン日和,【Photoshop講座】 影の付け方、影の種類について,2022-11-13T08:30:02Z,246,13,2
432,Photoshop,emi-lab ARTとデザイン日和,【WEBデザイン】有料級です。バナーの作り方（暖色系を操ろう）,2022-10-23T08:30:02Z,704,42,6
433,Photoshop,emi-lab ARTとデザイン日和,【WEBデザイン】通販モール店のバナーの作り方（ハロウィン編）,2022-10-09T09:30:15Z,476,31,4
434,Photoshop,emi-lab ARTとデザイン日和,【WEBデザイナー】絵を描きながら「デザインと絵」トーク♪　acrylicpainting #webデザイナーの一日,2022-09-25T08:45:03Z,158,9,4
435,Photoshop,emi-lab ARTとデザイン日和,【WEBデザイン】通販サイト用、物販バナーの作り方。,2022-09-18T09:15:00Z,700,42,0
436,Photoshop,emi-lab ARTとデザイン日和,【フリーランス WEBデザイナーになるには】フリー暦10年で理解できる、デザイナーを続けるための大切な心構え。,2022-09-04T09:15:01Z,715,31,4
437,Photoshop,emi-lab ARTとデザイン日和,【水彩ペン】紅葉の水彩画らしい絵を描いてみたい！#水彩ペン 呉竹「画材」,2022-08-21T09:15:04Z,345,14,0
438,Photoshop,emi-lab ARTとデザイン日和,【webデザイン】有料級です。プロが作る通販LPを全て見せます。,2022-08-07T08:45:00Z,2753,99,11
439,Photoshop,emi-lab ARTとデザイン日和,「ASMR」風。アクリル絵の具で、可愛い風景のイラストメイキング。#イラストレーター #イラストメイキング#初心者,2022-07-31T09:15:01Z,118,6,4
440,Photoshop,emi-lab ARTとデザイン日和,【WEBデザイナー】緊急配信ラジオ形式！注意した方が良いです。#webデザイナー #web制作,2022-07-31T09:00:03Z,300,31,4
441,Photoshop,emi-lab ARTとデザイン日和,アクリル絵の具で描く。日常の風景画#u35#ボトル#絵を描く,2022-07-17T07:00:10Z,418,14,2
442,Photoshop,emi-lab ARTとデザイン日和,【playlist】お洒落な洋楽BGM　テンションを上げたい時に！20分#広告なし(途中),2022-07-10T09:00:28Z,170,8,0
443,Photoshop,emi-lab ARTとデザイン日和,フリーのWEBデザイナー！悲報！案件がゼロ!? 大ピンチです。#通販サイト #バナー制作,2022-07-03T09:45:01Z,811,60,8
444,Photoshop,emi-lab ARTとデザイン日和,絵を描く部屋【art room 】一歩ずつ歩き出す！イラスト& 絵画(下手の横好き),2022-06-26T10:30:08Z,261,16,4
445,Photoshop,emi-lab ARTとデザイン日和,WEBデザイン講座　実践直球！コレがWEBデザインの世界。だから不安はつきもの。新しい挑戦をする私が今、ＬＰ制作において重要に思うコトを伝えています。,2022-06-19T10:15:02Z,453,36,4
446,Photoshop,emi-lab ARTとデザイン日和,【夢を叶えるために】今、やりたいコト。,2022-06-12T10:00:05Z,243,22,2
447,Photoshop,emi-lab ARTとデザイン日和,oil pastel (オイルパステル）クレパス画の絵を描いてみた。,2022-05-29T10:00:21Z,278,12,0
448,Photoshop,emi-lab ARTとデザイン日和,【プレミアプロ】動画編集ソフトで画像加工してみた！YouTubeサムネも簡単,2022-05-22T08:00:10Z,324,10,2
449,Photoshop,emi-lab ARTとデザイン日和,Pen drawing 【コピックペン】や【色鉛筆】でガレージの風景画,2022-05-15T10:30:01Z,198,9,2
450,Photoshop,emi-lab ARTとデザイン日和,【Photoshop】WEBデザイン講座　オブジェクト・クイック選択が上手く、使えない時の後始末を超時短！#photoshop講座,2022-05-08T10:00:32Z,360,27,10
451,Photoshop,emi-lab ARTとデザイン日和,【自信をつける】webデザイナー！御の字精神で乗り切ろう！#自信をつけるには#WEBデザイナー,2022-04-24T08:45:02Z,327,37,5
452,Photoshop,emi-lab ARTとデザイン日和,【photoshop】synthesis method　フォトショップ講座　歪んだ画面に画像合成する超簡単方法。How to create a synthetic.,2022-04-17T09:00:22Z,403,37,3
453,Photoshop,emi-lab ARTとデザイン日和,animal crossing new horizons 【ACNH】【あつ森】御伽の森の、島紹介。This view looks like a wonderland. #あつ森＃ACNH,2022-04-10T10:00:47Z,144,11,0
454,Photoshop,emi-lab ARTとデザイン日和,【WEBデザイン講座】photoshop講座　映えない写メからバナー作成に挑戦！　#フォトショップ　#バナー　#WEBデザイナー,2022-04-03T10:00:11Z,698,32,5
455,Photoshop,emi-lab ARTとデザイン日和,【webデザイナー の一日】フリーランスのお見積り方法って？　#webデザイナー  #webデザイン #フリーランス,2022-03-27T10:00:15Z,436,36,0
456,Photoshop,emi-lab ARTとデザイン日和,【photoshop 講座】WEBデザイン（曲線ペンツール）が便利！べジェ曲線が苦手な方に！#フォトショップ #webデザイナー,2022-03-20T11:30:04Z,562,24,0
457,Photoshop,emi-lab ARTとデザイン日和,「WEBデザイナー」photoshopを使って、画像制作。webデザイナーとは？,2022-03-13T10:30:08Z,706,58,4
458,Photoshop,石原 誠之 / STACK ONLINE,【Photoshop講座】ネオン文字の作り方,2022-12-19T09:56:04Z,168,13,0
459,Photoshop,石原 誠之 / STACK ONLINE,【Photoshop講座】文字の一画を伸ばす方法,2022-12-18T09:53:48Z,164,14,0
460,Photoshop,石原 誠之 / STACK ONLINE,【Photoshop講座】レイヤーマスクで文字をクロスさせる方法,2022-12-11T06:26:14Z,169,13,2
461,Photoshop,石原 誠之 / STACK ONLINE,【Photoshop講座】集中線(サンバースト)の簡単な作り方,2022-12-07T08:08:17Z,197,17,0
462,Photoshop,石原 誠之 / STACK ONLINE,Photoshopでも回転しながら複製出来ます！,2022-12-06T06:31:20Z,178,19,1
463,Photoshop,石原 誠之 / STACK ONLINE,【Photoshop講座】 美しい流線の作成方法,2022-12-04T06:03:10Z,236,25,2
464,Photoshop,石原 誠之 / STACK ONLINE,【Photoshop講座】影ごと色替えする方法,2022-12-03T10:04:53Z,85,8,1
465,Photoshop,石原 誠之 / STACK ONLINE,【Photoshop講座】紙吹雪の作り方,2022-11-29T07:18:28Z,167,11,1
466,Photoshop,石原 誠之 / STACK ONLINE,【Photoshop新機能】被写体を選択(クラウド)で人物を素早く切り抜く方法,2022-11-27T00:00:54Z,209,12,1
467,Photoshop,石原 誠之 / STACK ONLINE,【Photoshop講座】 チェアをペンツールで綺麗に切り抜く方法,2022-11-24T13:56:46Z,119,17,1
468,Photoshop,石原 誠之 / STACK ONLINE,【Photoshop 講座】髪の毛の切り抜き(2023年最新テクニック),2022-11-20T09:11:23Z,748,38,3
469,Photoshop,石原 誠之 / STACK ONLINE,【Photoshop講座】 窓の外の景色を合成で自然に差し替える,2022-11-19T02:00:04Z,295,13,1
470,Photoshop,石原 誠之 / STACK ONLINE,【Photoshop講座】 白枠の中に写真画像を配置する方法 (境界線),2022-11-17T21:30:01Z,178,10,1
471,Photoshop,石原 誠之 / STACK ONLINE,【Photoshop講座】 写真を平行四辺形で切り抜きしたようにレイアウトする方法,2022-11-16T21:30:01Z,217,18,1
472,Photoshop,石原 誠之 / STACK ONLINE,【Photoshop講座】 写真を三角形で切り抜きする方法 (三角形レイアウト),2022-11-13T06:54:53Z,246,9,1
473,Photoshop,石原 誠之 / STACK ONLINE,【Photoshop講座】 不要なものや人を自然に消す方法,2022-11-09T06:34:17Z,149,11,0
474,Photoshop,石原 誠之 / STACK ONLINE,【Photoshop講座】 切り抜いた対象を徐々に透明にする方法,2022-11-08T02:16:30Z,228,18,0
475,Photoshop,石原 誠之 / STACK ONLINE,【Photoshop講座】 写真をおしゃれなポップアート風にする加工方法,2022-11-03T13:09:04Z,144,8,1
476,Photoshop,石原 誠之 / STACK ONLINE,【Photoshop講座】 キラキラ素材の作り方,2022-10-29T07:12:16Z,348,23,5
477,Photoshop,石原 誠之 / STACK ONLINE,【Photoshop講座】 破れた紙のようなデザインの作り方,2022-10-25T15:52:56Z,214,12,1
478,Photoshop,石原 誠之 / STACK ONLINE,【Photoshop講座】 波線(波型)で写真を切り抜く方法,2022-10-23T09:36:03Z,556,24,3
479,Photoshop,石原 誠之 / STACK ONLINE,【Photoshop講座】 黒から色を変える方法,2022-10-22T09:16:28Z,293,16,3
480,Photoshop,石原 誠之 / STACK ONLINE,【Photoshop講座】 斜めに写った写真を正面から見たように切り抜きする方法,2022-10-19T21:25:57Z,170,15,0
481,Photoshop,石原 誠之 / STACK ONLINE,【Photoshop講座】 ロゴを自然に消す方法　(スポット修復ブラシツール),2022-10-19T03:55:56Z,144,9,3
482,Photoshop,石原 誠之 / STACK ONLINE,【Photoshop講座】 選択範囲の塗りつぶし方法,2022-10-12T10:31:39Z,198,5,1
483,Photoshop,石原 誠之 / STACK ONLINE,【Photoshop講座】 文字の縁取り方法 (袋文字),2022-10-10T08:26:21Z,214,12,1
484,Photoshop,石原 誠之 / STACK ONLINE,【Photoshop講座】 綺麗に切り抜きする方法,2022-10-08T10:14:45Z,155,10,1
485,Photoshop,石原 誠之 / STACK ONLINE,【Photoshop講座】 肌の色を自然に変える方法(特定色域の選択),2022-10-06T13:08:50Z,347,9,1
486,Photoshop,石原 誠之 / STACK ONLINE,【Photoshop講座】 細かい切り抜きテクニック(選択とマスク),2022-10-03T07:33:52Z,534,14,5
487,Photoshop,石原 誠之 / STACK ONLINE,Teal & Orange (ティール &オレンジ)の加工方法,2022-09-30T14:46:17Z,220,12,1
488,VideoEdit,ToolsNotesChannel,【Premiere Pro】スタイライズ｜輪郭検出を適用するお話【使い方】【やり方】【初心者】,2022-12-17T05:07:12Z,21,0,0
489,VideoEdit,ToolsNotesChannel,【Premiere Pro】スタイライズ｜複製を適用するお話【使い方】【やり方】【初心者】,2022-12-01T01:11:15Z,17,1,0
490,VideoEdit,ToolsNotesChannel,【Premiere Pro】スタイライズ｜ラフエッジを適用するお話【使い方】【やり方】【初心者】,2022-11-16T03:16:48Z,40,0,0
491,VideoEdit,ToolsNotesChannel,【Premiere Pro】スタイライズ｜モザイクを適用するお話【使い方】【やり方】【初心者】,2022-11-11T03:12:21Z,24,0,0
492,VideoEdit,ToolsNotesChannel,【Premiere Pro】スタイライズ｜ポスタリゼーションを適用するお話【使い方】【やり方】【初心者】,2022-11-10T06:16:39Z,20,0,0
493,VideoEdit,ToolsNotesChannel,【Premiere Pro】スタイライズ｜ブラシストロークを適用するお話【使い方】【やり方】【初心者】,2022-11-04T02:16:30Z,53,1,0
494,VideoEdit,ToolsNotesChannel,【Premiere Pro】スタイライズ｜ストロボを適用するお話【使い方】【やり方】【初心者】,2022-10-28T08:38:38Z,43,0,0
495,VideoEdit,ToolsNotesChannel,【Premiere Pro】スタイライズ｜カラーエンボスを適用するお話【使い方】【やり方】【初心者】,2022-10-26T06:16:03Z,32,0,0
496,VideoEdit,ToolsNotesChannel,【Premiere Pro】スタイライズ｜アルファグローを適用するお話【使い方】【やり方】【初心者】,2022-10-21T07:35:31Z,40,0,0
497,VideoEdit,ToolsNotesChannel,【Premiere Pro】スタイライズ｜映像の見た目を一発で変えるお話【使い方】【やり方】【初心者】,2022-10-21T07:25:35Z,51,0,0
498,VideoEdit,ToolsNotesChannel,【Premiere Pro】クロップ｜映像の上下に黒い帯を入れるお話【使い方】【やり方】【初心者】,2022-10-19T06:04:57Z,103,b'',0
499,VideoEdit,ToolsNotesChannel,【Premiere Pro】調整レイヤーを使ってエフェクトを適用するお話【使い方】【やり方】【初心者】,2022-08-26T09:20:49Z,28,b'',0
500,VideoEdit,ToolsNotesChannel,【Premiere Pro】レンズフレア｜ピカッと強い光を入れるお話【使い方】【やり方】【初心者】,2022-08-24T06:13:42Z,103,b'',0
501,VideoEdit,ToolsNotesChannel,【Premiere Pro】エフェクトとエフェクトコントロールのお話【使い方】【やり方】【初心者】,2022-08-22T06:15:57Z,15,b'',0
502,VideoEdit,ToolsNotesChannel,【Premiere Pro】YouTube用の動画をできるだけ高画質に書き出し方法【使い方】【やり方】【初心者】,2022-08-10T06:39:12Z,228,b'',0
503,VideoEdit,ToolsNotesChannel,【Premiere Pro】ロールタイトルを作成する【使い方】【やり方】【初心者】,2022-08-06T04:20:06Z,38,b'',0
504,VideoEdit,ToolsNotesChannel,【Premiere Pro】テロップを作成する【使い方】【やり方】【初心者】,2022-08-01T04:51:55Z,85,b'',0
505,VideoEdit,ToolsNotesChannel,【Premiere Pro】ディゾルブとクロスフェード【使い方】【やり方】【初心者】,2022-07-27T03:27:13Z,153,b'',0
506,VideoEdit,ToolsNotesChannel,【Premiere Pro】トランジションの操作方法【使い方】【やり方】【初心者】,2022-07-22T05:06:02Z,18,b'',0
507,VideoEdit,ToolsNotesChannel,【Premiere Pro】テンプレートを使ってタイトルを作成する【使い方】【やり方】【初心者】,2022-07-20T03:58:48Z,49,b'',0
508,VideoEdit,ToolsNotesChannel,【Premiere Pro】早送り再生-スロー再生-逆再生を覚える【使い方】【やり方】【初心者】,2022-07-15T01:49:12Z,21,b'',0
509,VideoEdit,ToolsNotesChannel,【Premiere Pro】フェードイン-フェードアウトを覚える【使い方】【やり方】【初心者】,2022-07-13T02:20:45Z,225,b'',0
510,VideoEdit,ToolsNotesChannel,【Premiere Pro】ズームイン-ズームアウトを覚える【使い方】【やり方】【初心者】,2022-07-11T03:59:37Z,204,b'',0
511,VideoEdit,ToolsNotesChannel,【Premiere Pro】クリップをカット編集していく【使い方】【やり方】【初心者】,2022-07-05T05:10:12Z,26,b'',0
512,VideoEdit,ToolsNotesChannel,【Premiere Pro】クリップを編集しよう！【使い方】【やり方】【初心者】,2022-07-01T05:24:49Z,22,b'',0
513,VideoEdit,ToolsNotesChannel,【Premiere Pro】タイムラインパネルのことを色々と知ろう！【使い方】【やり方】【初心者】,2022-07-01T05:04:55Z,65,b'',0
514,VideoEdit,ToolsNotesChannel,【Premiere Pro】PremiereProの「保存」と「終了」とプログラムの再開方法【やり方】【初心者】,2022-06-26T05:58:59Z,18,b'',0
515,VideoEdit,ToolsNotesChannel,【Premiere Pro】シーケンスの作成方法【やり方】【初心者】,2022-06-26T05:54:12Z,31,b'',0
516,VideoEdit,ToolsNotesChannel,【Premiere Pro】プロジェクトパネルに素材ファイルを読み込み管理する方法【やり方】【初心者】,2022-06-26T05:53:15Z,54,b'',0
517,VideoEdit,ToolsNotesChannel,【Premiere Pro】ワークスペースのカスタマイズ方法【やり方】【初心者】,2022-06-26T05:51:46Z,27,b'',0
518,VideoEdit,動画編集で月5万円稼ぐスキル【Adobe Premiere Pro】,【初心者向け】画像や動画素材の貼り付け方法と動かす方法【プレミアプロ】,2023-01-03T10:31:20Z,185,7,6
519,VideoEdit,動画編集で月5万円稼ぐスキル【Adobe Premiere Pro】,【超初心者向け】現役YouTuberが動画編集を公開!!プレミアプロで同じ動画を完成,2022-12-10T12:56:35Z,334,10,1
520,VideoEdit,動画編集で月5万円稼ぐスキル【Adobe Premiere Pro】,【プレミアプロ】かっこいいテロップの作り方,2022-12-07T12:52:33Z,234,3,1
521,VideoEdit,動画編集で月5万円稼ぐスキル【Adobe Premiere Pro】,テレビでよく見るおしゃれなテロップの作り方【プレミアプロ】,2022-11-23T11:34:48Z,219,5,1
522,VideoEdit,動画編集で月5万円稼ぐスキル【Adobe Premiere Pro】,テレビで見るおしゃれエフェクトの作り方！プロフィールに使える【プレミアプロ】,2022-11-20T10:00:30Z,316,13,1
523,VideoEdit,動画編集で月5万円稼ぐスキル【Adobe Premiere Pro】,【プレミアプロ】マスクの使い方,2022-11-16T11:02:53Z,260,16,1
524,VideoEdit,動画編集で月5万円稼ぐスキル【Adobe Premiere Pro】,テロップを高速点滅させる方法！「チカチカ」簡単な作り方【プレミアプロ】,2022-11-12T10:00:36Z,159,5,1
525,VideoEdit,動画編集で月5万円稼ぐスキル【Adobe Premiere Pro】,TVでよく見るタイトルエフェクトの作り方【プレミアプロ】,2022-11-09T10:00:31Z,255,8,1
526,VideoEdit,動画編集で月5万円稼ぐスキル【Adobe Premiere Pro】,超カンタンな爆速カット術を公開！キーボードを使いこなす【プレミアプロ】,2022-11-05T10:00:24Z,315,18,1
527,VideoEdit,動画編集で月5万円稼ぐスキル【Adobe Premiere Pro】,ビジネス風プロフィールの作成方法を完全解説【Premiere Pro】,2022-10-29T10:00:24Z,309,15,3
528,VideoEdit,動画編集で月5万円稼ぐスキル【Adobe Premiere Pro】,テレビでよく見るおしゃれなテロップの作り方『光って飛び出る』【プレミアプロ】,2022-10-22T10:00:01Z,273,14,8
529,VideoEdit,動画編集で月5万円稼ぐスキル【Adobe Premiere Pro】,おしゃれテロップ！タイトルエフェクトの作り方【プレミアプロ】,2022-10-08T10:00:11Z,377,10,1
530,VideoEdit,動画編集で月5万円稼ぐスキル【Adobe Premiere Pro】,【最新】VrewとPremiere Proだけで自動フルテロップ作成!!組み合わせて時短作業,2022-10-01T10:10:35Z,1449,40,4
531,VideoEdit,動画編集で月5万円稼ぐスキル【Adobe Premiere Pro】,【入門】おしゃれなYouTube動画の編集公開！同じ動画を完成させる【元動画も配布】,2022-09-24T12:43:38Z,451,20,1
532,VideoEdit,動画編集で月5万円稼ぐスキル【Adobe Premiere Pro】,【プレミアプロ】画面切り替えトランジション5選,2022-09-17T10:00:12Z,333,5,3
533,VideoEdit,動画編集で月5万円稼ぐスキル【Adobe Premiere Pro】,【簡単】プレミアプロで作れる自作エフェクトお気に入りBEST5選,2022-09-13T10:00:24Z,191,5,1
534,VideoEdit,動画編集で月5万円稼ぐスキル【Adobe Premiere Pro】,プレミアプロで作れるサイドテロップ！画面の端に表示するローワーサード,2022-09-06T11:29:14Z,379,16,1
535,VideoEdit,動画編集で月5万円稼ぐスキル【Adobe Premiere Pro】,プレミアプロで作るテロップエフェクト【ビヨンってなるテロップ】,2022-08-31T10:07:12Z,229,10,5
536,VideoEdit,動画編集で月5万円稼ぐスキル【Adobe Premiere Pro】,【簡単】プレミアプロのテロップ入れ5選,2022-08-27T10:00:14Z,372,7,1
537,VideoEdit,動画編集で月5万円稼ぐスキル【Adobe Premiere Pro】,プレミアプロでテレビでよく見るおしゃれなエフェクト・画面の作り方,2022-08-23T10:00:22Z,267,12,3
538,VideoEdit,動画編集で月5万円稼ぐスキル【Adobe Premiere Pro】,【テロップ】テレビ風おしゃれエフェクトを作る方法（プレミアプロ）,2022-08-16T12:22:41Z,357,10,1
539,VideoEdit,動画編集で月5万円稼ぐスキル【Adobe Premiere Pro】,プレミアプロの自動文字起こし機能からフルテロップ【完全解説】,2022-08-09T10:57:06Z,5544,155,16
540,VideoEdit,動画編集で月5万円稼ぐスキル【Adobe Premiere Pro】,プレミアプロで作るカウントダウンタイマー,2022-08-01T13:49:45Z,400,10,1
541,VideoEdit,動画編集で月5万円稼ぐスキル【Adobe Premiere Pro】,グリーンバック合成のやり方・合成術【Premiere Pro プレミアプロ】,2022-07-30T10:00:16Z,92,2,1
542,VideoEdit,動画編集で月5万円稼ぐスキル【Adobe Premiere Pro】,プレミアプロで顔モザイクのやり方,2022-07-29T12:57:30Z,108,4,1
543,VideoEdit,動画編集で月5万円稼ぐスキル【Adobe Premiere Pro】,【動画編集歴2ヶ月の初心者】クラウドソーシングで企業案件を獲得したノウハウを全て公開,2021-05-18T12:00:30Z,4907,99,4
544,VideoEdit,動画編集で月5万円稼ぐスキル【Adobe Premiere Pro】,【体験談】動画編集の副業からフリーランスで独立。月収30万円稼ぐまでの道のり,2021-03-04T11:53:02Z,16860,170,7
545,VideoEdit,動画編集で月5万円稼ぐスキル【Adobe Premiere Pro】,【超具体的】動画編集でフリーランスになる方法,2021-02-11T11:00:16Z,2885,78,5
546,VideoEdit,動画編集で月5万円稼ぐスキル【Adobe Premiere Pro】,「元アフィリエイター」が動画編集をオススメする理由。月200万円の売上が激減！,2021-02-03T11:00:01Z,2187,44,1
547,VideoEdit,動画編集で月5万円稼ぐスキル【Adobe Premiere Pro】,月10万円を稼ぐ人の97%が行ってる３つの案件獲得法【動画編集】,2020-11-01T08:30:01Z,1699,35,11
548,VideoEdit,HIROvideo【初心者のための動画TIPS】,BGMの長さを一瞬で変える方法【Premiere Pro/プレミアプロ チュートリアル】,2023-01-07T09:00:26Z,642,7,0
549,VideoEdit,HIROvideo【初心者のための動画TIPS】,一瞬で間を詰める裏ワザ【Premiere Pro/プレミアプロ チュートリアル】,2023-01-05T11:11:45Z,352,6,0
550,VideoEdit,HIROvideo【初心者のための動画TIPS】,動画の色味を変えて映画風に！【Premiere Pro/プレミアプロ チュートリアル】 #shorts,2023-01-03T12:26:17Z,1225,10,0
551,VideoEdit,HIROvideo【初心者のための動画TIPS】,編集で便利なショートカットキー集【Premiere Pro/プレミアプロ】,2022-12-31T10:13:28Z,502,12,0
552,VideoEdit,HIROvideo【初心者のための動画TIPS】,早送りのやり方【Premiere Pro/プレミアプロ チュートリアル】 #shorts,2022-12-30T08:21:13Z,159,4,0
553,VideoEdit,HIROvideo【初心者のための動画TIPS】,ヒカキン風テロップの作り方【Premiere Pro/プレミアプロ チュートリアル】 #shorts,2022-12-27T09:00:10Z,427,17,0
554,VideoEdit,HIROvideo【初心者のための動画TIPS】,顔にモザイクを追尾させるやり方【Premiere Pro/プレミアプロ チュートリアル】 #shorts,2022-12-25T12:43:00Z,11,1,b''
555,VideoEdit,HIROvideo【初心者のための動画TIPS】,グリーンバック合成のやり方【Premiere Pro/プレミアプロ チュートリアル】 #shorts,2022-12-24T10:12:08Z,104,4,0
556,VideoEdit,HIROvideo【初心者のための動画TIPS】,テキストの中に動画を映す方法【Premiere Proチュートリアル】 #shorts,2022-12-22T11:00:05Z,9,2,0
557,VideoEdit,HIROvideo【初心者のための動画TIPS】,レンズフレアを使ってエモい光をつける方法【Premiere Proチュートリアル】,2022-12-20T12:00:28Z,85,2,0
558,VideoEdit,HIROvideo【初心者のための動画TIPS】,動画編集を仕事にするまでの流れ #shorts,2022-12-17T10:56:38Z,1805,22,0
559,VideoEdit,HIROvideo【初心者のための動画TIPS】,ガーン！の編集方法【VN】 #shorts,2022-12-15T11:25:52Z,23,1,0
560,VideoEdit,HIROvideo【初心者のための動画TIPS】,【Premiere Pro】音声を自動でテロップ化する方法 #shorts,2022-12-13T11:56:15Z,54,4,0
561,VideoEdit,HIROvideo【初心者のための動画TIPS】,高画質な動画を撮影するためのiPhoneカメラ設定 #shorts,2022-12-10T11:54:48Z,39,4,0
562,VideoEdit,HIROvideo【初心者のための動画TIPS】,InstagramストーリーズGIF7選【かわいいキャラ】 #shorts,2022-12-08T12:00:10Z,21,5,0
563,VideoEdit,HIROvideo【初心者のための動画TIPS】,テロップを強調させる方法3選【プレミアプロ】 #shorts,2022-12-08T09:54:00Z,22,4,0
564,VideoEdit,HIROvideo【初心者のための動画TIPS】,優秀すぎる！音声読み上げソフトをご紹介 #shorts,2022-12-03T11:45:30Z,1305,32,0
565,VideoEdit,HIROvideo【初心者のための動画TIPS】,【超簡単】Canvaでリール作成！ #shorts,2022-12-01T13:41:14Z,98,6,1
566,VideoEdit,HIROvideo【初心者のための動画TIPS】,【SNS投稿】動画サイズまとめ #shorts,2022-11-29T12:11:41Z,6,4,1
567,VideoEdit,HIROvideo【初心者のための動画TIPS】,無料アイコン素材サイト5選【商用利用可】#shorts,2022-11-26T11:00:14Z,550,26,0
568,VideoEdit,HIROvideo【初心者のための動画TIPS】,【CapCut】動画の速度を変える方法 #shorts,2022-11-24T12:00:26Z,131,5,0
569,VideoEdit,HIROvideo【初心者のための動画TIPS】,カット編集のやり方【初級編】#shorts,2022-11-22T12:00:01Z,91,4,0
570,VideoEdit,HIROvideo【初心者のための動画TIPS】,【フリー素材】世界中の無料写真を一発検索！ #shorts,2022-11-19T11:08:59Z,6,4,0
571,VideoEdit,HIROvideo【初心者のための動画TIPS】,【たった１分】スマホに合成する動画の作り方！【VN】#shorts,2022-11-17T12:55:07Z,36,4,0
572,VideoEdit,HIROvideo【初心者のための動画TIPS】,【超初心者向け】プレミアプロの始め方／シーケンスの作り方 #shorts,2022-11-15T13:13:24Z,54,4,0
573,VideoEdit,HIROvideo【初心者のための動画TIPS】,動画編集で使える無料イラスト素材サイト５選 #shorts,2022-11-12T12:09:49Z,325,32,1
574,VideoEdit,HIROvideo【初心者のための動画TIPS】,お洒落なリールの作り方4選【インスタグラム】 #shorts,2022-11-10T09:15:28Z,304,5,0
575,VideoEdit,HIROvideo【初心者のための動画TIPS】,動画編集で稼ぎたい方は、この動画編集ソフト一択！,2022-11-08T12:00:13Z,105,3,0
576,VideoEdit,HIROvideo【初心者のための動画TIPS】,【YouTuberがよく使う】無料のBGM素材サイト3選 #shorts,2022-11-05T11:08:12Z,113,7,1
577,VideoEdit,HIROvideo【初心者のための動画TIPS】,【無料おすすめ】動画編集アプリ4選 #shorts,2022-11-03T13:16:36Z,240,6,0
578,VideoEdit,InnoRise,【Adobe Premiere Proの使い方】マルチカメラ機能を使って編集する方法,2023-01-09T11:00:19Z,55,5,0
579,VideoEdit,InnoRise,【動画制作初心者向け】フレームレートについて,2023-01-06T03:00:11Z,72,2,0
580,VideoEdit,InnoRise,【Adobe Premiere Proの基本的な使い方】動画編集初心者向け2023年保存版,2023-01-01T03:00:19Z,275,12,0
581,VideoEdit,InnoRise,【サンプル用】B-ROLL,2022-10-05T07:09:07Z,83,1,0
582,VideoEdit,InnoRise,【動画撮影】一人きりでシネマティックB-ROLLを撮影する方法,2022-10-02T10:39:16Z,99,2,0
583,VideoEdit,InnoRise,一人でB-ROLL撮影 #Shots,2022-10-02T04:40:32Z,46,0,0
584,VideoEdit,InnoRise,【動画撮影初心者向け】室内で動画を撮影する時の光の当て方,2022-09-19T07:16:48Z,69,5,0
585,VideoEdit,InnoRise,【動画編集初心者向け】無料でトランジションやアニメーションテロップが使えるPremiere Composerの使い方,2022-07-02T11:00:20Z,377,11,0
586,VideoEdit,InnoRise,【動画編集初心者向け】Adobe Premiere Proの基本的な使い方2022,2022-06-24T11:00:40Z,3304,79,3
587,VideoEdit,InnoRise,【動画撮影初心者向け】必要最低限の動画撮影機材一覧,2022-05-27T06:00:11Z,238,4,0
588,VideoEdit,InnoRise,【ENJOY THE RAIN】ポートレートムービー,2022-05-15T03:00:06Z,245,5,0
589,VideoEdit,InnoRise,【動画撮影初心者向け】基本的な6つのカメラワークと練習方法,2022-05-10T03:00:17Z,223,6,1
590,VideoEdit,InnoRise,【動画撮影初心者向け】構図について,2022-04-29T11:00:35Z,188,4,0
591,VideoEdit,InnoRise,【動画編集初心者向け】映画のようなお洒落な動画に編集する5つのポイント,2022-04-18T03:00:07Z,571,8,0
592,VideoEdit,InnoRise,【動画撮影基礎】日常をシネマティックにする動画撮影の7つのポイント,2022-02-25T12:00:08Z,386,12,0
593,VideoEdit,InnoRise,【動画撮影基礎】安定した動画を撮影する方法,2022-02-18T11:00:11Z,213,8,0
594,VideoEdit,InnoRise,【動画制作初心者向け】平凡な動画をオシャレにする7つのポイント,2021-11-13T09:00:15Z,238,9,0
595,VideoEdit,InnoRise,動画編集の報酬をアップさせる3つの方法,2021-11-05T12:36:36Z,174,7,0
596,VideoEdit,InnoRise,【動画制作】動画を作る上でもっとも大切な企画・構成について,2021-10-30T10:00:33Z,152,8,0
597,VideoEdit,InnoRise,【動画編集初心者向け】動画編集の学び方,2021-10-26T13:01:18Z,230,9,4
598,VideoEdit,InnoRise,【SYNCO G1】動画撮影におすすめのコスパ最強ワイヤレスピンマイク,2021-10-15T11:00:11Z,551,6,0
599,VideoEdit,InnoRise,【SENNHEISER HD 350BT】動画編集におすすめの安価でスタイリッシュなヘッドホン,2021-10-08T11:00:14Z,434,4,0
600,VideoEdit,InnoRise,【Adobe Premiere Proの使い方】M1チップPCで表示されないエフェクトを表示するRosetta,2021-10-01T11:00:32Z,283,8,2
601,VideoEdit,InnoRise,【Adobe Premiere Proの使い方】クロールタイトルの作り方,2021-09-24T11:00:25Z,695,12,0
602,VideoEdit,InnoRise,【Adobe Premiere Proの使い方】動画編集のスピードを上げて効率化する3つの方法,2021-06-28T10:00:31Z,437,9,0
603,VideoEdit,InnoRise,【DaVinci Resolv17の使い方】ホログラムを作る方法,2021-06-24T10:00:10Z,197,3,0
604,VideoEdit,InnoRise,【Adobe Premiere Proの使い方】Premiere Proだけでホログラムを作る方法,2021-06-21T10:26:13Z,520,13,0
605,VideoEdit,InnoRise,【DaVinci Resolve17の使い方】映画の定番カラーTeal & Orangeの作り方,2021-06-18T12:00:17Z,1222,37,0
606,VideoEdit,InnoRise,【DaVinci Resolve17の使い方】LUTを使ったカラーグレーディングの基本的なやり方,2021-06-16T10:00:32Z,786,16,1
607,VideoEdit,InnoRise,【DaVinci Resolve17の使い方】カラーコレクションの基本的なやり方,2021-06-14T10:00:16Z,761,28,0
608,VideoEdit,夏目 Premiere Pro初心者教室,【Premiere Pro】ストライプ柄を作る方法,2023-01-05T11:57:34Z,45,3,0
609,VideoEdit,夏目 Premiere Pro初心者教室,【第２弾】光るテロップアニメーション　５選,2022-11-03T14:23:46Z,239,10,2
610,VideoEdit,夏目 Premiere Pro初心者教室,【使いやすさMAX】光るテロップアニメーション５選,2022-09-19T12:19:04Z,691,29,2
611,VideoEdit,夏目 Premiere Pro初心者教室,【超かっこいい】ワイプしながら出てくるグリッチの作り方,2022-09-12T10:40:00Z,269,7,0
612,VideoEdit,夏目 Premiere Pro初心者教室,【脱初心者】グループ作成を使ってワンランク上の編集者に,2022-09-09T11:00:01Z,238,9,0
613,VideoEdit,夏目 Premiere Pro初心者教室,【動画編集必須の機能！】調整レイヤーの使い方　複数クリップにエフェクト一括適用,2022-09-01T12:12:10Z,377,10,0
614,VideoEdit,夏目 Premiere Pro初心者教室,【爆速】おすすめショートカットキー設定　初心者は必ずやるべき,2022-08-30T12:08:31Z,422,13,2
615,VideoEdit,夏目 Premiere Pro初心者教室,【必ず見たことある！】文字を点滅させる方法　2種類,2022-08-29T12:00:33Z,773,10,2
616,VideoEdit,夏目 Premiere Pro初心者教室,【秒速】アイキャッチの作り方　「canva」を使ってデザイン初心者でも超簡単♪,2022-07-20T11:00:37Z,729,22,0
617,VideoEdit,夏目 Premiere Pro初心者教室,画面の途中から文字を出す方法2パターン【Premiere Pro】,2022-07-06T00:21:25Z,2251,44,4
618,VideoEdit,夏目 Premiere Pro初心者教室,【Premiere Pro】エフェクト素材の使い方,2022-06-26T12:18:59Z,521,25,0
619,VideoEdit,夏目 Premiere Pro初心者教室,【Premiere Pro】汎用性抜群！テロップアニメーション10選,2022-06-09T03:54:34Z,6840,207,6
620,VideoEdit,夏目 Premiere Pro初心者教室,【Premiere Pro　初心者向け】画面を暗くする方法,2022-05-14T13:58:16Z,1091,16,0
621,VideoEdit,夏目 Premiere Pro初心者教室,【Premiere Pro】ホラー系で使える！テロップにノイズを入れる方法,2022-05-02T16:30:59Z,3270,123,7
622,VideoEdit,夏目 Premiere Pro初心者教室,【Premiere Pro】効果音の音量を調整して使いまわしする方法,2022-04-19T14:40:17Z,935,30,5
623,VideoEdit,夏目 Premiere Pro初心者教室,【Premiere pro】トラックマットキーを使って文字を透明に切り抜く方法,2022-04-07T21:59:38Z,732,27,0
624,VideoEdit,夏目 Premiere Pro初心者教室,【Premiere Pro】背景の拡大に合わせて文字を出現させる方法,2022-04-03T13:45:48Z,193,3,0
625,VideoEdit,夏目 Premiere Pro初心者教室,【Premiere Pro】いろんな枠の作り方,2022-03-31T11:40:49Z,604,11,0
626,VideoEdit,夏目 Premiere Pro初心者教室,【premiere pro】BGMをループさせる方法　2パターン解説,2022-03-16T13:17:56Z,639,24,1
627,VideoEdit,夏目 Premiere Pro初心者教室,【premiere pro】検索風アニメーションの作り方,2022-03-02T23:26:18Z,2690,52,3
628,VideoEdit,夏目 Premiere Pro初心者教室,【premiere pro】文字を一文字ずつ出す方法（２パターン）　ナレーション風、タイプライター風,2022-02-15T11:00:11Z,8398,155,11
629,VideoEdit,夏目 Premiere Pro初心者教室,【Premiere Pro】複数行の中から、選択した行だけ横にずらす方法,2022-02-08T16:23:31Z,206,3,0
630,VideoEdit,夏目 Premiere Pro初心者教室,【Premiere Pro】 テロップの位置を一括変更する方法,2022-02-08T01:10:21Z,6855,178,10
631,VideoEdit,夏目 Premiere Pro初心者教室,プレミアプロ　調整レイヤーが適用されない時の対処法,2022-02-06T02:23:31Z,1057,32,6
632,VideoEdit,夏目 Premiere Pro初心者教室,プレミアプロ【初心者向け】　サイドテロップの作り方,2022-02-01T15:25:58Z,2484,50,1
633,VideoEdit,夏目 Premiere Pro初心者教室,【激安仕入れ】中国輸入よりも圧倒的に簡単なwish転売の方法,2022-01-17T03:16:07Z,346,6,0
634,VideoEdit,夏目 Premiere Pro初心者教室,Photoshop 蛍光ペン風の線の書き方　ブラシツールの使い方,2021-09-27T09:01:56Z,2104,29,4
635,VideoEdit,夏目 Premiere Pro初心者教室,なつめ　動画編集　ポートフォリオ　自己紹介動画　スキル紹介,2021-09-24T14:48:09Z,437,3,0
636,VideoEdit,夏目 Premiere Pro初心者教室,革靴転売　リペア編,2021-09-03T16:52:34Z,509,5,0
637,VideoEdit,夏目 Premiere Pro初心者教室,革靴転売　仕入れ編,2021-07-16T17:07:28Z,610,4,0
638,VideoEdit,NEGOTO VIDEO,【After Effects】めっちゃかっこいいサイバーパンクテキストアニメーションの作り方！【Adobe Premiere Pro & After Effects　動画編集】,2023-01-06T09:04:19Z,110,7,0
639,VideoEdit,NEGOTO VIDEO,【After Effects】光の中からテキストが浮かび上がってくるシネマティックなタイトルアニメーションの作り方【Adobe PremierePro & AfterEffects　動画編集】,2022-12-24T08:47:13Z,205,13,0
640,VideoEdit,NEGOTO VIDEO,【After Effects】枠線をおしゃれでカッコよく一筆書きして映画風タイトルアニメーションの作り方！【Adobe Premiere Pro & After Effects　動画編集】,2022-12-09T05:26:21Z,357,18,3
641,VideoEdit,NEGOTO VIDEO,【After Effects】雪が降り積もる背景素材の作り方！パーティクルワールドの使い方！【Adobe Premiere Pro & After Effects　動画編集】,2022-12-02T06:27:31Z,284,14,3
642,VideoEdit,NEGOTO VIDEO,【After Effects】光を使ったおしゃれでかっこいいフィルムバーントランジションの作り方！【Adobe Premiere Pro & After Effects　動画編集】,2022-11-18T05:02:41Z,419,21,0
643,VideoEdit,NEGOTO VIDEO,【After Effects】ストップモーション風のテキストアニメーションの作り方！【Adobe Premiere Pro & After Effects　動画編集】,2022-11-11T06:03:55Z,254,10,0
644,VideoEdit,NEGOTO VIDEO,【After Effects】通常の動画をめっちゃ簡単にストップモーション映像にする方法！【Adobe Premiere Pro & After Effects　動画編集】,2022-11-09T07:49:41Z,292,13,0
645,VideoEdit,NEGOTO VIDEO,【After Effecte】絶対スライドショーで使いたくなるめっちゃ簡単でかっこいいトランジション！【Adobe Premiere Pro & After Effects　動画編集】,2022-10-28T07:18:44Z,723,30,2
646,VideoEdit,NEGOTO VIDEO,【Premiere Pro】2022年最新機能追加！！エッセンシャルグラフィックスの新機能をご紹介！【Adobe Premiere Pro & After Effects　動画編集】,2022-10-21T02:48:17Z,869,32,2
647,VideoEdit,NEGOTO VIDEO,【After Effects】どんな画像でも作れる！簡単でかっこいいロゴアニメーションの作り方！【Adobe Premiere Pro & After Effects　動画編集】,2022-10-14T06:44:11Z,616,33,2
648,VideoEdit,NEGOTO VIDEO,【After Effects】ダイナミックでめっちゃカッコいいズームトランジションの作り方！！【Adobe Premiere Pro & After Effects　動画編集】,2022-10-07T07:38:32Z,413,12,0
649,VideoEdit,NEGOTO VIDEO,【After Effects】テキストを粉々に破壊するテキストアニメーションの作り方！cc Pixel Polly全解説！【Adobe PremierePro & AfterEffects　動画編集】,2022-09-16T06:05:35Z,546,22,2
650,VideoEdit,NEGOTO VIDEO,【AfterEffects】スライドショーなどで使える雲が流れる青空の背景の作り方！フラクタルノイズの基礎知識！【Adobe PremierePro & AfterEffects　動画編集】,2022-09-02T08:18:00Z,377,17,4
651,VideoEdit,NEGOTO VIDEO,【After Effects】平面の世界地図から地球儀を作る方法！アニメーションで自転させよう！【Adobe Premiere Pro & After Effects　動画編集】,2022-08-26T04:56:30Z,353,15,0
652,VideoEdit,NEGOTO VIDEO,【After Effects】光で文字を描くテキストアニメーションの作り方！グローテキスト！【Adobe Premiere Pro & After Effects　動画編集】,2022-08-19T06:46:59Z,336,11,0
653,VideoEdit,NEGOTO VIDEO,【After Effects】スライドショーでも使える動く背景動画の作り方！パーティクルワールドで作る流星群の背景！【Premiere Pro & After Effects　動画編集】,2022-08-12T11:11:28Z,407,15,0
654,VideoEdit,NEGOTO VIDEO,【After Effects】テキストが円になってぐるぐる回る３Dテキストアニメーションの作り方！【Adobe Premiere Pro & After Effects　動画編集】,2022-07-15T06:50:26Z,962,42,0
655,VideoEdit,NEGOTO VIDEO,【Premiere Pro】超〜簡単!!水面の揺れの様に動画を切り替えるシェイクトランジションの作り方！【Adobe Premiere Pro & After Effects　動画編集】,2022-07-08T06:53:23Z,820,21,0
656,VideoEdit,NEGOTO VIDEO,【After Effects】映画風タイトル！水面の波紋のように揺れながら出現するテキストアニメーションの作り方！【Adobe Premiere Pro & After Effects　動画編集】,2022-07-01T05:01:40Z,681,21,2
657,VideoEdit,NEGOTO VIDEO,【After Effects】めっちゃカッコ良くロゴを表示させるロゴ（Logo）アニメーションの作り方【Adobe Premiere Pro & After Effects　動画編集】,2022-06-17T06:45:39Z,708,16,2
658,VideoEdit,NEGOTO VIDEO,【Premiere Pro】エッセンシャルグラフィックスで超〜簡単に作れるネオンテキストの作り方！【Adobe Premiere Pro & After Effects　動画編集】,2022-06-10T06:44:11Z,490,25,2
659,VideoEdit,NEGOTO VIDEO,【After Effects】知ってると得する！絶対に使いたくなる基本的なショートカットキー12種類！！【Adobe Premiere Pro & After Effects　動画編集】,2022-06-03T08:42:14Z,154,8,0
660,VideoEdit,NEGOTO VIDEO,自作のテキストアニメーションをプレミアプロで編集する方法！モーショングラフィックステンプレートの作り方【Adobe Premiere Pro & After Effects　動画編集】,2022-05-27T08:28:07Z,472,20,2
661,VideoEdit,NEGOTO VIDEO,【After Effects】シェイプレイヤーを使って「図形」と「色」のモーフィングアニメーションの作り方！【Adobe Premiere Pro & After Effects　動画編集】,2022-05-18T08:32:10Z,359,9,0
662,VideoEdit,NEGOTO VIDEO,【After Effects】リアルでかっこいいグリッジ（ノイズ）テキストアニメーションの作り方！【Adobe Premiere Pro & After Effects　動画編集】,2022-05-06T07:42:59Z,388,12,0
663,VideoEdit,NEGOTO VIDEO,【After Effects】絶対使えるようになる！何処よりも分かり易いエクスプレッションの基礎の基礎！【Adobe Premiere Pro & After Effects　動画編集】,2022-04-22T08:23:36Z,420,23,0
664,VideoEdit,NEGOTO VIDEO,【AfterEffects】ペンキを塗った様におしゃれに動画を切り替えるペンキブラシ風トランジションの作り方！【Adobe Premiere Pro & After Effects　動画編集】,2022-04-18T08:54:00Z,1223,29,0
665,VideoEdit,NEGOTO VIDEO,【AfterEffects】Media Encoder（メディアエンコーダー）を使って動画ファイルに書き出す方法！【Adobe Premiere Pro & After Effects　動画編集】,2022-04-11T07:30:02Z,819,24,0
666,VideoEdit,NEGOTO VIDEO,【After Effects】めっちゃ簡単でかっこいいテキストストロークアニメーションの作り方！【Adobe Premiere Pro & After Effects　動画編集】,2022-04-01T08:30:06Z,641,29,2
667,VideoEdit,NEGOTO VIDEO,【After Effects】絶対見たことある！動画やスライドショーにめっちゃ使えるキラキラエフェクトの作り方！Particle（パーティクル）エフェクト！【動画編集】,2022-03-17T05:20:53Z,762,23,0
